build_id,product,release,platform
2008121709,Firefox,2.0.0.20,Linux_x86-gcc3
2008120316,Firefox,2.0.0.19,Linux_x86-gcc3
2008102919,Firefox,2.0.0.18,Linux_x86-gcc3
2008082909,Firefox,2.0.0.17,Linux_x86-gcc3
2008070204,Firefox,2.0.0.16,Linux_x86-gcc3
2008062305,Firefox,2.0.0.15,Linux_x86-gcc3
2008040414,Firefox,2.0.0.14,Linux_x86-gcc3
2008031115,Firefox,2.0.0.13,Linux_x86-gcc3
2008020121,Firefox,2.0.0.12,Linux_x86-gcc3
2007112718,Firefox,2.0.0.11,Linux_x86-gcc3
2007111504,Firefox,2.0.0.10,Linux_x86-gcc3
2007102514,Firefox,2.0.0.9,Linux_x86-gcc3
2007100816,Firefox,2.0.0.8,Linux_x86-gcc3
2007091417,Firefox,2.0.0.7,Linux_x86-gcc3
2007072517,Firefox,2.0.0.6,Linux_x86-gcc3
2007071317,Firefox,2.0.0.5,Linux_x86-gcc3
2007051502,Firefox,2.0.0.4,Linux_x86-gcc3
2007030916,Firefox,2.0.0.3,Linux_x86-gcc3
2007022001,Firefox,2.0.0.2,Linux_x86-gcc3
2006120814,Firefox,2.0.0.1,Linux_x86-gcc3
2006101022,Firefox,2.0,Linux_x86-gcc3
2006100316,Firefox,2.0,Linux_x86-gcc3
2006091817,Firefox,2.0,Linux_x86-gcc3
2006082101,Firefox,2.0b2,Linux_x86-gcc3
2006071020,Firefox,2.0b1,Linux_x86-gcc3
2006052616,Firefox,2.0a3,Linux_x86-gcc3
2006051217,Firefox,2.0a2,Linux_x86-gcc3
2006032100,Firefox,2.0a1,Linux_x86-gcc3
2008121709,Firefox,2.0.0.20,Darwin_Universal-gcc3
2008120316,Firefox,2.0.0.19,Darwin_Universal-gcc3
2008102919,Firefox,2.0.0.18,Darwin_Universal-gcc3
2008082910,Firefox,2.0.0.17,Darwin_Universal-gcc3
2008070205,Firefox,2.0.0.16,Darwin_Universal-gcc3
2008062305,Firefox,2.0.0.15,Darwin_Universal-gcc3
2008040413,Firefox,2.0.0.14,Darwin_Universal-gcc3
2008031115,Firefox,2.0.0.13,Darwin_Universal-gcc3
2008020121,Firefox,2.0.0.12,Darwin_Universal-gcc3
2007112718,Firefox,2.0.0.11,Darwin_Universal-gcc3
2007111504,Firefox,2.0.0.10,Darwin_Universal-gcc3
2007102514,Firefox,2.0.0.9,Darwin_Universal-gcc3
2007100816,Firefox,2.0.0.8,Darwin_Universal-gcc3
2007091417,Firefox,2.0.0.7,Darwin_Universal-gcc3
2007072517,Firefox,2.0.0.6,Darwin_Universal-gcc3
2007071317,Firefox,2.0.0.5,Darwin_Universal-gcc3
2007051502,Firefox,2.0.0.4,Darwin_Universal-gcc3
2007030919,Firefox,2.0.0.3,Darwin_Universal-gcc3
2007021917,Firefox,2.0.0.2,Darwin_Universal-gcc3
2006120417,Firefox,2.0.0.1,Darwin_Universal-gcc3
2006101022,Firefox,2.0,Darwin_Universal-gcc3
2006100316,Firefox,2.0,Darwin_Universal-gcc3
2006091817,Firefox,2.0,Darwin_Universal-gcc3
2006082115,Firefox,2.0b2,Darwin_Universal-gcc3
2006071020,Firefox,2.0b1,Darwin_Universal-gcc3
2006052616,Firefox,2.0a3,Darwin_Universal-gcc3
2006051203,Firefox,2.0a2,Darwin_Universal-gcc3
2006032717,Firefox,2.0a1,Darwin_Universal-gcc3
2006032113,Firefox,2.0a1,Darwin_ppc-gcc3
2008121709,Firefox,2.0.0.20,WINNT_x86-msvc
2008120119,Firefox,2.0.0.19,WINNT_x86-msvc
2008102918,Firefox,2.0.0.18,WINNT_x86-msvc
2008082909,Firefox,2.0.0.17,WINNT_x86-msvc
2008070205,Firefox,2.0.0.16,WINNT_x86-msvc
2008062306,Firefox,2.0.0.15,WINNT_x86-msvc
2008040413,Firefox,2.0.0.14,WINNT_x86-msvc
2008031114,Firefox,2.0.0.13,WINNT_x86-msvc
2008020121,Firefox,2.0.0.12,WINNT_x86-msvc
2007112718,Firefox,2.0.0.11,WINNT_x86-msvc
2007111504,Firefox,2.0.0.10,WINNT_x86-msvc
2007102514,Firefox,2.0.0.9,WINNT_x86-msvc
2007100816,Firefox,2.0.0.8,WINNT_x86-msvc
2007091417,Firefox,2.0.0.7,WINNT_x86-msvc
2007072518,Firefox,2.0.0.6,WINNT_x86-msvc
2007071317,Firefox,2.0.0.5,WINNT_x86-msvc
2007051502,Firefox,2.0.0.4,WINNT_x86-msvc
2007030919,Firefox,2.0.0.3,WINNT_x86-msvc
2007021917,Firefox,2.0.0.2,WINNT_x86-msvc
2006120418,Firefox,2.0.0.1,WINNT_x86-msvc
2006101023,Firefox,2.0,WINNT_x86-msvc
2006100319,Firefox,2.0,WINNT_x86-msvc
2006091818,Firefox,2.0,WINNT_x86-msvc
2006082101,Firefox,2.0b2,WINNT_x86-msvc
2006071020,Firefox,2.0b1,WINNT_x86-msvc
2006052616,Firefox,2.0a3,WINNT_x86-msvc
2006051217,Firefox,2.0a2,WINNT_x86-msvc
2006032100,Firefox,2.0a1,WINNT_x86-msvc
2009081209,Thunderbird,2.0.0.23,Linux_x86-gcc3
2009060501,Thunderbird,2.0.0.22,Linux_x86-gcc3
2009030215,Thunderbird,2.0.0.21,Linux_x86-gcc3
2008120920,Thunderbird,2.0.0.19,Linux_x86-gcc3
2008110519,Thunderbird,2.0.0.18,Linux_x86-gcc3
2008091421,Thunderbird,2.0.0.17,Linux_x86-gcc3
2008070711,Thunderbird,2.0.0.16,Linux_x86-gcc3
2008042108,Thunderbird,2.0.0.14,Linux_x86-gcc3
2008021305,Thunderbird,2.0.0.12,Linux_x86-gcc3
2007103104,Thunderbird,2.0.0.9,Linux_x86-gcc3
2007072816,Thunderbird,2.0.0.6,Linux_x86-gcc3
2007071612,Thunderbird,2.0.0.5,Linux_x86-gcc3
2007060411,Thunderbird,2.0.0.4,Linux_x86-gcc3
2007032622,Thunderbird,2.0.0.0,Linux_x86-gcc3
2007011615,Thunderbird,2.0b2,Linux_x86-gcc3
2006120615,Thunderbird,2.0b1,Linux_x86-gcc3
2009081210,Thunderbird,2.0.0.23,Darwin_Universal-gcc3
2009060501,Thunderbird,2.0.0.22,Darwin_Universal-gcc3
2009030215,Thunderbird,2.0.0.21,Darwin_Universal-gcc3
2008120920,Thunderbird,2.0.0.19,Darwin_Universal-gcc3
2008110519,Thunderbird,2.0.0.18,Darwin_Universal-gcc3
2008091421,Thunderbird,2.0.0.17,Darwin_Universal-gcc3
2008070710,Thunderbird,2.0.0.16,Darwin_Universal-gcc3
2008042109,Thunderbird,2.0.0.14,Darwin_Universal-gcc3
2008021304,Thunderbird,2.0.0.12,Darwin_Universal-gcc3
2007103105,Thunderbird,2.0.0.9,Darwin_Universal-gcc3
2007072816,Thunderbird,2.0.0.6,Darwin_Universal-gcc3
2007071610,Thunderbird,2.0.0.5,Darwin_Universal-gcc3
2007060411,Thunderbird,2.0.0.4,Darwin_Universal-gcc3
2007032621,Thunderbird,2.0.0.0,Darwin_Universal-gcc3
2007011615,Thunderbird,2.0b2,Darwin_Universal-gcc3
2006120615,Thunderbird,2.0b1,Darwin_Universal-gcc3
2009081210,Thunderbird,2.0.0.23,WINNT_x86-msvc
2009060502,Thunderbird,2.0.0.22,WINNT_x86-msvc
2009030215,Thunderbird,2.0.0.21,WINNT_x86-msvc
2008120920,Thunderbird,2.0.0.19,WINNT_x86-msvc
2008110519,Thunderbird,2.0.0.18,WINNT_x86-msvc
2008091421,Thunderbird,2.0.0.17,WINNT_x86-msvc
2008070808,Thunderbird,2.0.0.16,WINNT_x86-msvc
2008042104,Thunderbird,2.0.0.14,WINNT_x86-msvc
2008021305,Thunderbird,2.0.0.12,WINNT_x86-msvc
2007103104,Thunderbird,2.0.0.9,WINNT_x86-msvc
2007072817,Thunderbird,2.0.0.6,WINNT_x86-msvc
2007071611,Thunderbird,2.0.0.5,WINNT_x86-msvc
2007060411,Thunderbird,2.0.0.4,WINNT_x86-msvc
2007032620,Thunderbird,2.0.0.0,WINNT_x86-msvc
2007011615,Thunderbird,2.0b2,WINNT_x86-msvc
2006120615,Thunderbird,2.0b1,WINNT_x86-msvc
2010031218,Firefox,3.0.19,Linux_x86-gcc3
2010020219,Firefox,3.0.18,Linux_x86-gcc3
2009122115,Firefox,3.0.17,Linux_x86-gcc3
2009120206,Firefox,3.0.16,Linux_x86-gcc3
2009101600,Firefox,3.0.15,Linux_x86-gcc3
2009082707,Firefox,3.0.14,Linux_x86-gcc3
2009073021,Firefox,3.0.13,Linux_x86-gcc3
2009070610,Firefox,3.0.12,Linux_x86-gcc3
2009060214,Firefox,3.0.11,Linux_x86-gcc3
2009042315,Firefox,3.0.10,Linux_x86-gcc3
2009040820,Firefox,3.0.9,Linux_x86-gcc3
2009032608,Firefox,3.0.8,Linux_x86-gcc3
2009021906,Firefox,3.0.7,Linux_x86-gcc3
2009011912,Firefox,3.0.6,Linux_x86-gcc3
2008120121,Firefox,3.0.5,Linux_x86-gcc3
2008102920,Firefox,3.0.4,Linux_x86-gcc3
2008092416,Firefox,3.0.3,Linux_x86-gcc3
2008091618,Firefox,3.0.2,Linux_x86-gcc3
2008070206,Firefox,3.0.1,Linux_x86-gcc3
2008052912,Firefox,3.0,Linux_x86-gcc3
2008051202,Firefox,3.0,Linux_x86-gcc3
2008032619,Firefox,3.0b5,Linux_x86-gcc3
2008030318,Firefox,3.0b4,Linux_x86-gcc3
2008020513,Firefox,3.0b3,Linux_x86-gcc3
2007121016,Firefox,3.0b2,Linux_x86-gcc3
2007110903,Firefox,3.0b1,Linux_x86-gcc3
2007091211,Firefox,3.0a8,Linux_x86-gcc3
2007080209,Firefox,3.0a7,Linux_x86-gcc3
2007062911,Firefox,3.0a6,Linux_x86-gcc3
2007060517,Firefox,3.0a5,Linux_x86-gcc3
2007042705,Firefox,,Linux_x86-gcc3
2007032219,Firefox,,Linux_x86-gcc3
2007020616,Firefox,,Linux_x86-gcc3
2006120408,Firefox,3.0a1,Linux_x86-gcc3
2010031218,Firefox,3.0.19,Darwin_Universal-gcc3
2010020219,Firefox,3.0.18,Darwin_Universal-gcc3
2009122115,Firefox,3.0.17,Darwin_Universal-gcc3
2009120206,Firefox,3.0.16,Darwin_Universal-gcc3
2009101600,Firefox,3.0.15,Darwin_Universal-gcc3
2009082706,Firefox,3.0.14,Darwin_Universal-gcc3
2009073021,Firefox,3.0.13,Darwin_Universal-gcc3
2009070609,Firefox,3.0.12,Darwin_Universal-gcc3
2009060214,Firefox,3.0.11,Darwin_Universal-gcc3
2009042315,Firefox,3.0.10,Darwin_Universal-gcc3
2009040820,Firefox,3.0.9,Darwin_Universal-gcc3
2009032608,Firefox,3.0.8,Darwin_Universal-gcc3
2009021906,Firefox,3.0.7,Darwin_Universal-gcc3
2009011912,Firefox,3.0.6,Darwin_Universal-gcc3
2008120121,Firefox,3.0.5,Darwin_Universal-gcc3
2008102920,Firefox,3.0.4,Darwin_Universal-gcc3
2008092414,Firefox,3.0.3,Darwin_Universal-gcc3
2008091618,Firefox,3.0.2,Darwin_Universal-gcc3
2008070206,Firefox,3.0.1,Darwin_Universal-gcc3
2008061004,Firefox,3.0,Darwin_Universal-gcc3
2008053008,Firefox,3.0,Darwin_Universal-gcc3
2008051202,Firefox,3.0,Darwin_Universal-gcc3
2008032619,Firefox,3.0b5,Darwin_Universal-gcc3
2008030317,Firefox,3.0b4,Darwin_Universal-gcc3
2008020511,Firefox,3.0b3,Darwin_Universal-gcc3
2007121014,Firefox,3.0b2,Darwin_Universal-gcc3
2007110903,Firefox,3.0b1,Darwin_Universal-gcc3
2007091211,Firefox,3.0a8,Darwin_Universal-gcc3
2007080209,Firefox,3.0a7,Darwin_Universal-gcc3
2007062911,Firefox,3.0a6,Darwin_Universal-gcc3
2007060517,Firefox,3.0a5,Darwin_Universal-gcc3
2007042705,Firefox,,Darwin_Universal-gcc3
2007032220,Firefox,,Darwin_Universal-gcc3
2007020618,Firefox,,Darwin_Universal-gcc3
2006120408,Firefox,3.0a1,Darwin_Universal-gcc3
2010031422,Firefox,3.0.19,WINNT_x86-msvc
2010020220,Firefox,3.0.18,WINNT_x86-msvc
2009122116,Firefox,3.0.17,WINNT_x86-msvc
2009120208,Firefox,3.0.16,WINNT_x86-msvc
2009101601,Firefox,3.0.15,WINNT_x86-msvc
2009082707,Firefox,3.0.14,WINNT_x86-msvc
2009073022,Firefox,3.0.13,WINNT_x86-msvc
2009070611,Firefox,3.0.12,WINNT_x86-msvc
2009060215,Firefox,3.0.11,WINNT_x86-msvc
2009042316,Firefox,3.0.10,WINNT_x86-msvc
2009040821,Firefox,3.0.9,WINNT_x86-msvc
2009032609,Firefox,3.0.8,WINNT_x86-msvc
2009021910,Firefox,3.0.7,WINNT_x86-msvc
2009011913,Firefox,3.0.6,WINNT_x86-msvc
2008120122,Firefox,3.0.5,WINNT_x86-msvc
2008102920,Firefox,3.0.4,WINNT_x86-msvc
2008092417,Firefox,3.0.3,WINNT_x86-msvc
2008091620,Firefox,3.0.2,WINNT_x86-msvc
2008070208,Firefox,3.0.1,WINNT_x86-msvc
2008052906,Firefox,3.0,WINNT_x86-msvc
2008051206,Firefox,3.0,WINNT_x86-msvc
2008032620,Firefox,3.0b5,WINNT_x86-msvc
2008030714,Firefox,3.0b4,WINNT_x86-msvc
2008020514,Firefox,3.0b3,WINNT_x86-msvc
2007121120,Firefox,3.0b2,WINNT_x86-msvc
2007110904,Firefox,3.0b1,WINNT_x86-msvc
2007091216,Firefox,3.0a8,WINNT_x86-msvc
2007080210,Firefox,3.0a7,WINNT_x86-msvc
2007062911,Firefox,3.0a6,WINNT_x86-msvc
2007060601,Firefox,3.0a5,WINNT_x86-msvc
2007042705,Firefox,,WINNT_x86-msvc
2007032219,Firefox,,WINNT_x86-msvc
2007020617,Firefox,,WINNT_x86-msvc
2006120408,Firefox,3.0a1,WINNT_x86-msvc
20101027043603,Thunderbird,3.0.10,Linux_x86-gcc3
20101005120130,Thunderbird,3.0.9,Linux_x86-gcc3
20100914094135,Thunderbird,3.0.8,Linux_x86-gcc3
20100824084910,Thunderbird,3.0.7,Linux_x86-gcc3
20100711063716,Thunderbird,3.0.6,Linux_x86-gcc3
20100512121502,Thunderbird,3.0.5,Linux_x86-gcc3
20100317100855,Thunderbird,3.0.4,Linux_x86-gcc3
20100227141902,Thunderbird,3.0.3,Linux_x86-gcc3
20100216141034,Thunderbird,3.0.2,Linux_x86-gcc3
20100111100551,Thunderbird,3.0.1,Linux_x86-gcc3
20091204170421,Thunderbird,3.0,Linux_x86-gcc3
20091130195224,Thunderbird,3.0,Linux_x86-gcc3
20091121181041,Thunderbird,3.0,Linux_x86-gcc3
20090915180501,Thunderbird,3.0b4,Linux_x86-gcc3
20090715134828,Thunderbird,3.0b3,Linux_x86-gcc3
20090223124157,Thunderbird,3.0b2,Linux_x86-gcc3
20081204114258,Thunderbird,3.0b1,Linux_x86-gcc3
20081006094447,Thunderbird,3.0a3,Linux_x86-gcc3
2008072418,Thunderbird,3.0a2,Linux_x86-gcc3
2008050714,Thunderbird,3.0a1,Linux_x86-gcc3
20101027073108,Thunderbird,3.0.10,Darwin_Universal-gcc3
20101005143124,Thunderbird,3.0.9,Darwin_Universal-gcc3
20100914175334,Thunderbird,3.0.8,Darwin_Universal-gcc3
20100824160359,Thunderbird,3.0.7,Darwin_Universal-gcc3
20100711093830,Thunderbird,3.0.6,Darwin_Universal-gcc3
20100512151045,Thunderbird,3.0.5,Darwin_Universal-gcc3
20100317134139,Thunderbird,3.0.4,Darwin_Universal-gcc3
20100227170704,Thunderbird,3.0.3,Darwin_Universal-gcc3
20100216163452,Thunderbird,3.0.2,Darwin_Universal-gcc3
20100111130305,Thunderbird,3.0.1,Darwin_Universal-gcc3
20091204202227,Thunderbird,3.0,Darwin_Universal-gcc3
20091130225757,Thunderbird,3.0,Darwin_Universal-gcc3
20091121212410,Thunderbird,3.0,Darwin_Universal-gcc3
20090915182611,Thunderbird,3.0b4,Darwin_Universal-gcc3
20090715142648,Thunderbird,3.0b3,Darwin_Universal-gcc3
20090223121634,Thunderbird,3.0b2,Darwin_Universal-gcc3
20081204113938,Thunderbird,3.0b1,Darwin_Universal-gcc3
20081006093807,Thunderbird,3.0a3,Darwin_Universal-gcc3
2008072822,Thunderbird,3.0a2,Darwin_Universal-gcc3
2008050714,Thunderbird,3.0a1,Darwin_Universal-gcc3
20101027060926,Thunderbird,3.0.10,WINNT_x86-msvc
20101005115017,Thunderbird,3.0.9,WINNT_x86-msvc
20100914151303,Thunderbird,3.0.8,WINNT_x86-msvc
20100824131908,Thunderbird,3.0.7,WINNT_x86-msvc
20100711065956,Thunderbird,3.0.6,WINNT_x86-msvc
20100512122420,Thunderbird,3.0.5,WINNT_x86-msvc
20100317103207,Thunderbird,3.0.4,WINNT_x86-msvc
20100227143138,Thunderbird,3.0.3,WINNT_x86-msvc
20100216161403,Thunderbird,3.0.2,WINNT_x86-msvc
20100111101938,Thunderbird,3.0.1,WINNT_x86-msvc
20091204171430,Thunderbird,3.0,WINNT_x86-msvc
20091130201643,Thunderbird,3.0,WINNT_x86-msvc
20091121183158,Thunderbird,3.0,WINNT_x86-msvc
20090915181920,Thunderbird,3.0b4,WINNT_x86-msvc
20090715140311,Thunderbird,3.0b3,WINNT_x86-msvc
20090223175111,Thunderbird,3.0b2,WINNT_x86-msvc
20081204115318,Thunderbird,3.0b1,WINNT_x86-msvc
20081006095651,Thunderbird,3.0a3,WINNT_x86-msvc
2008072418,Thunderbird,3.0a2,WINNT_x86-msvc
2008050715,Thunderbird,3.0a1,WINNT_x86-msvc
20110420144310,Firefox,3.5.19,Linux_x86-gcc3
20110319140258,Firefox,3.5.18,Linux_x86-gcc3
20110319140258,Firefox,3.5.18,Linux_x86-gcc3
20110121161846,Firefox,3.5.17,Linux_x86-gcc3
20110121161846,Firefox,3.5.17,Linux_x86-gcc3
20101130074614,Firefox,3.5.16,Linux_x86-gcc3
20101130074614,Firefox,3.5.16,Linux_x86-gcc3
20101026195820,Firefox,3.5.15,Linux_x86-gcc3
20101026195820,Firefox,3.5.15,Linux_x86-gcc3
20101001163017,Firefox,3.5.14,Linux_x86-gcc3
20101001163017,Firefox,3.5.14,Linux_x86-gcc3
20100914121211,Firefox,3.5.13,Linux_x86-gcc3
20100914121211,Firefox,3.5.13,Linux_x86-gcc3
20100824101110,Firefox,3.5.12,Linux_x86-gcc3
20100824101110,Firefox,3.5.12,Linux_x86-gcc3
20100701014043,Firefox,3.5.11,Linux_x86-gcc3
20100701014043,Firefox,3.5.11,Linux_x86-gcc3
20100504085637,Firefox,3.5.10,Linux_x86-gcc3
20100504085637,Firefox,3.5.10,Linux_x86-gcc3
20100315075757,Firefox,3.5.9,Linux_x86-gcc3
20100315075757,Firefox,3.5.9,Linux_x86-gcc3
20100202153512,Firefox,3.5.8,Linux_x86-gcc3
20100202153512,Firefox,3.5.8,Linux_x86-gcc3
20091221152502,Firefox,3.5.7,Linux_x86-gcc3
20091221152502,Firefox,3.5.7,Linux_x86-gcc3
20091201204959,Firefox,3.5.6,Linux_x86-gcc3
20091201204959,Firefox,3.5.6,Linux_x86-gcc3
20091102141836,Firefox,3.5.5,Linux_x86-gcc3
20091102141836,Firefox,3.5.5,Linux_x86-gcc3
20091016081727,Firefox,3.5.4,Linux_x86-gcc3
20091016081727,Firefox,3.5.4,Linux_x86-gcc3
20090824085743,Firefox,3.5.3,Linux_x86-gcc3
20090824085743,Firefox,3.5.3,Linux_x86-gcc3
20090729211829,Firefox,3.5.2,Linux_x86-gcc3
20090729211829,Firefox,3.5.2,Linux_x86-gcc3
20090715083816,Firefox,3.5.1,Linux_x86-gcc3
20090715083816,Firefox,3.5.1,Linux_x86-gcc3
20110319140258,Firefox,3.5.18,Linux_x86-gcc3
20110121161846,Firefox,3.5.17,Linux_x86-gcc3
20110121161846,Firefox,3.5.17,Linux_x86-gcc3
20101130074614,Firefox,3.5.16,Linux_x86-gcc3
20101130074614,Firefox,3.5.16,Linux_x86-gcc3
20101026195820,Firefox,3.5.15,Linux_x86-gcc3
20101026195820,Firefox,3.5.15,Linux_x86-gcc3
20101001163017,Firefox,3.5.14,Linux_x86-gcc3
20101001163017,Firefox,3.5.14,Linux_x86-gcc3
20100914121211,Firefox,3.5.13,Linux_x86-gcc3
20100914121211,Firefox,3.5.13,Linux_x86-gcc3
20100824101110,Firefox,3.5.12,Linux_x86-gcc3
20100824101110,Firefox,3.5.12,Linux_x86-gcc3
20100701014043,Firefox,3.5.11,Linux_x86-gcc3
20100701014043,Firefox,3.5.11,Linux_x86-gcc3
20100504085637,Firefox,3.5.10,Linux_x86-gcc3
20100504085637,Firefox,3.5.10,Linux_x86-gcc3
20100315075757,Firefox,3.5.9,Linux_x86-gcc3
20100315075757,Firefox,3.5.9,Linux_x86-gcc3
20100202153512,Firefox,3.5.8,Linux_x86-gcc3
20100202153512,Firefox,3.5.8,Linux_x86-gcc3
20091221152502,Firefox,3.5.7,Linux_x86-gcc3
20091221152502,Firefox,3.5.7,Linux_x86-gcc3
20091201204959,Firefox,3.5.6,Linux_x86-gcc3
20091201204959,Firefox,3.5.6,Linux_x86-gcc3
20091102141836,Firefox,3.5.5,Linux_x86-gcc3
20091102141836,Firefox,3.5.5,Linux_x86-gcc3
20091016081727,Firefox,3.5.4,Linux_x86-gcc3
20091016081727,Firefox,3.5.4,Linux_x86-gcc3
20090824085743,Firefox,3.5.3,Linux_x86-gcc3
20090824085743,Firefox,3.5.3,Linux_x86-gcc3
20090729211829,Firefox,3.5.2,Linux_x86-gcc3
20090729211829,Firefox,3.5.2,Linux_x86-gcc3
20090715083816,Firefox,3.5.1,Linux_x86-gcc3
20090715083816,Firefox,3.5.1,Linux_x86-gcc3
20090624012820,Firefox,3.5,Linux_x86-gcc3
20090624012820,Firefox,3.5,Linux_x86-gcc3
20090616212416,Firefox,3.5,Linux_x86-gcc3
20090616212416,Firefox,3.5,Linux_x86-gcc3
20090615155223,Firefox,3.5,Linux_x86-gcc3
20090615155223,Firefox,3.5,Linux_x86-gcc3
20090605144815,Firefox,3.5b99,Linux_x86-gcc3
20090605144815,Firefox,3.5b99,Linux_x86-gcc3
20090423192432,Firefox,3.5b4,Linux_x86-gcc3
20090423192432,Firefox,3.5b4,Linux_x86-gcc3
20090305134136,Firefox,3.1b3,Linux_x86-gcc3
20090305134136,Firefox,3.1b3,Linux_x86-gcc3
20081201061202,Firefox,3.1b2,Linux_x86-gcc3
20081201061202,Firefox,3.1b2,Linux_x86-gcc3
20081007112159,Firefox,3.1b1,Linux_x86-gcc3
20081007112159,Firefox,3.1b1,Linux_x86-gcc3
20080829071937,Firefox,3.1a2,Linux_x86-gcc3
2008072306,Firefox,3.1a1,Linux_x86-gcc3
20110420144310,Firefox,3.5.19,Darwin_x86-gcc3-u-ppc-i386
20110319140258,Firefox,3.5.18,Darwin_x86-gcc3-u-ppc-i386
20110319140258,Firefox,3.5.18,Darwin_x86-gcc3-u-ppc-i386
20110121150727,Firefox,3.5.17,Darwin_x86-gcc3-u-ppc-i386
20110121150727,Firefox,3.5.17,Darwin_x86-gcc3-u-ppc-i386
20101130074220,Firefox,3.5.16,Darwin_x86-gcc3-u-ppc-i386
20101130074220,Firefox,3.5.16,Darwin_x86-gcc3-u-ppc-i386
20101026200251,Firefox,3.5.15,Darwin_Universal-gcc3
20101026200251,Firefox,3.5.15,Darwin_Universal-gcc3
20101001164112,Firefox,3.5.14,Darwin_Universal-gcc3
20101001164112,Firefox,3.5.14,Darwin_Universal-gcc3
20100914122142,Firefox,3.5.13,Darwin_Universal-gcc3
20100914122142,Firefox,3.5.13,Darwin_Universal-gcc3
20100824102410,Firefox,3.5.12,Darwin_Universal-gcc3
20100824102410,Firefox,3.5.12,Darwin_Universal-gcc3
20100701014808,Firefox,3.5.11,Darwin_Universal-gcc3
20100701014808,Firefox,3.5.11,Darwin_Universal-gcc3
20100504085753,Firefox,3.5.10,Darwin_Universal-gcc3
20100504085753,Firefox,3.5.10,Darwin_Universal-gcc3
20100315080228,Firefox,3.5.9,Darwin_Universal-gcc3
20100315080228,Firefox,3.5.9,Darwin_Universal-gcc3
20100202152834,Firefox,3.5.8,Darwin_Universal-gcc3
20100202152834,Firefox,3.5.8,Darwin_Universal-gcc3
20091221151141,Firefox,3.5.7,Darwin_Universal-gcc3
20091221151141,Firefox,3.5.7,Darwin_Universal-gcc3
20091201203240,Firefox,3.5.6,Darwin_Universal-gcc3
20091201203240,Firefox,3.5.6,Darwin_Universal-gcc3
20091102134505,Firefox,3.5.5,Darwin_Universal-gcc3
20091102134505,Firefox,3.5.5,Darwin_Universal-gcc3
20091016081620,Firefox,3.5.4,Darwin_Universal-gcc3
20091016081620,Firefox,3.5.4,Darwin_Universal-gcc3
20090824085414,Firefox,3.5.3,Darwin_Universal-gcc3
20090824085414,Firefox,3.5.3,Darwin_Universal-gcc3
20090729211433,Firefox,3.5.2,Darwin_Universal-gcc3
20090729211433,Firefox,3.5.2,Darwin_Universal-gcc3
20090715083437,Firefox,3.5.1,Darwin_Universal-gcc3
20090715083437,Firefox,3.5.1,Darwin_Universal-gcc3
20110319140258,Firefox,3.5.18,Darwin_Universal-gcc3
20110121150727,Firefox,3.5.17,Darwin_Universal-gcc3
20110121150727,Firefox,3.5.17,Darwin_Universal-gcc3
20101130074220,Firefox,3.5.16,Darwin_Universal-gcc3
20101130074220,Firefox,3.5.16,Darwin_Universal-gcc3
20101026200251,Firefox,3.5.15,Darwin_Universal-gcc3
20101026200251,Firefox,3.5.15,Darwin_Universal-gcc3
20101001164112,Firefox,3.5.14,Darwin_Universal-gcc3
20101001164112,Firefox,3.5.14,Darwin_Universal-gcc3
20100914122142,Firefox,3.5.13,Darwin_Universal-gcc3
20100914122142,Firefox,3.5.13,Darwin_Universal-gcc3
20100824102410,Firefox,3.5.12,Darwin_Universal-gcc3
20100824102410,Firefox,3.5.12,Darwin_Universal-gcc3
20100701014808,Firefox,3.5.11,Darwin_Universal-gcc3
20100701014808,Firefox,3.5.11,Darwin_Universal-gcc3
20100504085753,Firefox,3.5.10,Darwin_Universal-gcc3
20100504085753,Firefox,3.5.10,Darwin_Universal-gcc3
20100315080228,Firefox,3.5.9,Darwin_Universal-gcc3
20100315080228,Firefox,3.5.9,Darwin_Universal-gcc3
20100202152834,Firefox,3.5.8,Darwin_Universal-gcc3
20100202152834,Firefox,3.5.8,Darwin_Universal-gcc3
20091221151141,Firefox,3.5.7,Darwin_Universal-gcc3
20091221151141,Firefox,3.5.7,Darwin_Universal-gcc3
20091201203240,Firefox,3.5.6,Darwin_Universal-gcc3
20091201203240,Firefox,3.5.6,Darwin_Universal-gcc3
20091102134505,Firefox,3.5.5,Darwin_Universal-gcc3
20091102134505,Firefox,3.5.5,Darwin_Universal-gcc3
20091016081620,Firefox,3.5.4,Darwin_Universal-gcc3
20091016081620,Firefox,3.5.4,Darwin_Universal-gcc3
20090824085414,Firefox,3.5.3,Darwin_Universal-gcc3
20090824085414,Firefox,3.5.3,Darwin_Universal-gcc3
20090729211433,Firefox,3.5.2,Darwin_Universal-gcc3
20090729211433,Firefox,3.5.2,Darwin_Universal-gcc3
20090715083437,Firefox,3.5.1,Darwin_Universal-gcc3
20090715083437,Firefox,3.5.1,Darwin_Universal-gcc3
20090624012136,Firefox,3.5,Darwin_Universal-gcc3
20090624012136,Firefox,3.5,Darwin_Universal-gcc3
20090616212246,Firefox,3.5,Darwin_Universal-gcc3
20090616212246,Firefox,3.5,Darwin_Universal-gcc3
20090615154529,Firefox,3.5,Darwin_Universal-gcc3
20090615154529,Firefox,3.5,Darwin_Universal-gcc3
20090605144508,Firefox,3.5b99,Darwin_Universal-gcc3
20090605144508,Firefox,3.5b99,Darwin_Universal-gcc3
20090423191946,Firefox,3.5b4,Darwin_Universal-gcc3
20090423191946,Firefox,3.5b4,Darwin_Universal-gcc3
20090305133223,Firefox,3.1b3,Darwin_Universal-gcc3
20090305133223,Firefox,3.1b3,Darwin_Universal-gcc3
20081201061100,Firefox,3.1b2,Darwin_Universal-gcc3
20081201061100,Firefox,3.1b2,Darwin_Universal-gcc3
20081007125523,Firefox,3.1b1,Darwin_Universal-gcc3
20080829065003,Firefox,3.1a2,Darwin_Universal-gcc3
2008072510,Firefox,3.1a1,Darwin_Universal-gcc3
20110420144310,Firefox,3.5.19,WINNT_x86-msvc
20110319140258,Firefox,3.5.18,WINNT_x86-msvc
20110319140258,Firefox,3.5.18,WINNT_x86-msvc
20110121150729,Firefox,3.5.17,WINNT_x86-msvc
20110121150729,Firefox,3.5.17,WINNT_x86-msvc
20101130074636,Firefox,3.5.16,WINNT_x86-msvc
20101130074636,Firefox,3.5.16,WINNT_x86-msvc
20101026205513,Firefox,3.5.15,WINNT_x86-msvc
20101026205513,Firefox,3.5.15,WINNT_x86-msvc
20101001172330,Firefox,3.5.14,WINNT_x86-msvc
20101001172330,Firefox,3.5.14,WINNT_x86-msvc
20100914130356,Firefox,3.5.13,WINNT_x86-msvc
20100914130356,Firefox,3.5.13,WINNT_x86-msvc
20100824110549,Firefox,3.5.12,WINNT_x86-msvc
20100824110549,Firefox,3.5.12,WINNT_x86-msvc
20100701023340,Firefox,3.5.11,WINNT_x86-msvc
20100701023340,Firefox,3.5.11,WINNT_x86-msvc
20100504093643,Firefox,3.5.10,WINNT_x86-msvc
20100504093643,Firefox,3.5.10,WINNT_x86-msvc
20100315083431,Firefox,3.5.9,WINNT_x86-msvc
20100315083431,Firefox,3.5.9,WINNT_x86-msvc
20100202165920,Firefox,3.5.8,WINNT_x86-msvc
20100202165920,Firefox,3.5.8,WINNT_x86-msvc
20091221164558,Firefox,3.5.7,WINNT_x86-msvc
20091221164558,Firefox,3.5.7,WINNT_x86-msvc
20091201220228,Firefox,3.5.6,WINNT_x86-msvc
20091201220228,Firefox,3.5.6,WINNT_x86-msvc
20091102152451,Firefox,3.5.5,WINNT_x86-msvc
20091102152451,Firefox,3.5.5,WINNT_x86-msvc
20091016092926,Firefox,3.5.4,WINNT_x86-msvc
20091016092926,Firefox,3.5.4,WINNT_x86-msvc
20090824101458,Firefox,3.5.3,WINNT_x86-msvc
20090824101458,Firefox,3.5.3,WINNT_x86-msvc
20090729225027,Firefox,3.5.2,WINNT_x86-msvc
20090729225027,Firefox,3.5.2,WINNT_x86-msvc
20090715094852,Firefox,3.5.1,WINNT_x86-msvc
20090715094852,Firefox,3.5.1,WINNT_x86-msvc
20110319140258,Firefox,3.5.18,WINNT_x86-msvc
20110121150729,Firefox,3.5.17,WINNT_x86-msvc
20110121150729,Firefox,3.5.17,WINNT_x86-msvc
20101130074636,Firefox,3.5.16,WINNT_x86-msvc
20101130074636,Firefox,3.5.16,WINNT_x86-msvc
20101026205513,Firefox,3.5.15,WINNT_x86-msvc
20101026205513,Firefox,3.5.15,WINNT_x86-msvc
20101001172330,Firefox,3.5.14,WINNT_x86-msvc
20101001172330,Firefox,3.5.14,WINNT_x86-msvc
20100914130356,Firefox,3.5.13,WINNT_x86-msvc
20100914130356,Firefox,3.5.13,WINNT_x86-msvc
20100824110549,Firefox,3.5.12,WINNT_x86-msvc
20100824110549,Firefox,3.5.12,WINNT_x86-msvc
20100701023340,Firefox,3.5.11,WINNT_x86-msvc
20100701023340,Firefox,3.5.11,WINNT_x86-msvc
20100504093643,Firefox,3.5.10,WINNT_x86-msvc
20100504093643,Firefox,3.5.10,WINNT_x86-msvc
20100315083431,Firefox,3.5.9,WINNT_x86-msvc
20100315083431,Firefox,3.5.9,WINNT_x86-msvc
20100202165920,Firefox,3.5.8,WINNT_x86-msvc
20100202165920,Firefox,3.5.8,WINNT_x86-msvc
20091221164558,Firefox,3.5.7,WINNT_x86-msvc
20091221164558,Firefox,3.5.7,WINNT_x86-msvc
20091201220228,Firefox,3.5.6,WINNT_x86-msvc
20091201220228,Firefox,3.5.6,WINNT_x86-msvc
20091102152451,Firefox,3.5.5,WINNT_x86-msvc
20091102152451,Firefox,3.5.5,WINNT_x86-msvc
20091016092926,Firefox,3.5.4,WINNT_x86-msvc
20091016092926,Firefox,3.5.4,WINNT_x86-msvc
20090824101458,Firefox,3.5.3,WINNT_x86-msvc
20090824101458,Firefox,3.5.3,WINNT_x86-msvc
20090729225027,Firefox,3.5.2,WINNT_x86-msvc
20090729225027,Firefox,3.5.2,WINNT_x86-msvc
20090715094852,Firefox,3.5.1,WINNT_x86-msvc
20090715094852,Firefox,3.5.1,WINNT_x86-msvc
20090624025744,Firefox,3.5,WINNT_x86-msvc
20090624025744,Firefox,3.5,WINNT_x86-msvc
20090616224221,Firefox,3.5,WINNT_x86-msvc
20090616224221,Firefox,3.5,WINNT_x86-msvc
20090615172843,Firefox,3.5,WINNT_x86-msvc
20090615172843,Firefox,3.5,WINNT_x86-msvc
20090605162636,Firefox,3.5b99,WINNT_x86-msvc
20090605162636,Firefox,3.5b99,WINNT_x86-msvc
20090423204732,Firefox,3.5b4,WINNT_x86-msvc
20090423204732,Firefox,3.5b4,WINNT_x86-msvc
20090305152042,Firefox,3.1b3,WINNT_x86-msvc
20090305152042,Firefox,3.1b3,WINNT_x86-msvc
20081201080242,Firefox,3.1b2,WINNT_x86-msvc
20081201080242,Firefox,3.1b2,WINNT_x86-msvc
20081007144708,Firefox,3.1b1,WINNT_x86-msvc
20081007144708,Firefox,3.1b1,WINNT_x86-msvc
20080829082037,Firefox,3.1a2,WINNT_x86-msvc
2008072310,Firefox,3.1a1,WINNT_x86-msvc
20110320140834,SeaMonkey,2.0.13,Linux_x86-gcc3
20110123225406,SeaMonkey,2.0.12,Linux_x86-gcc3
20101123123540,SeaMonkey,2.0.11,Linux_x86-gcc3
20101027120614,SeaMonkey,2.0.10,Linux_x86-gcc3
20100930132633,SeaMonkey,2.0.9,Linux_x86-gcc3
20100914134330,SeaMonkey,2.0.8,Linux_x86-gcc3
20100825085054,SeaMonkey,2.0.7,Linux_x86-gcc3
20100701063123,SeaMonkey,2.0.6,Linux_x86-gcc3
20100504124411,SeaMonkey,2.0.5,Linux_x86-gcc3
20100317114737,SeaMonkey,2.0.4,Linux_x86-gcc3
20100205171452,SeaMonkey,2.0.3,Linux_x86-gcc3
20100104161941,SeaMonkey,2.0.2,Linux_x86-gcc3
20091206080429,SeaMonkey,2.0.1,Linux_x86-gcc3
20091017083424,SeaMonkey,2.0,Linux_x86-gcc3
20091007202919,SeaMonkey,2.0,Linux_x86-gcc3
20090903111222,SeaMonkey,2.0b2,Linux_x86-gcc3
20090717070825,SeaMonkey,2.0b1,Linux_x86-gcc3
20090223134517,SeaMonkey,2.0a3,Linux_x86-gcc3
20110320134435,SeaMonkey,2.0.13,Darwin_Universal-gcc3
20110123230750,SeaMonkey,2.0.12,Darwin_Universal-gcc3
20101123122546,SeaMonkey,2.0.11,Darwin_Universal-gcc3
20101027120528,SeaMonkey,2.0.10,Darwin_Universal-gcc3
20100930132800,SeaMonkey,2.0.9,Darwin_Universal-gcc3
20100914134246,SeaMonkey,2.0.8,Darwin_Universal-gcc3
20100825082129,SeaMonkey,2.0.7,Darwin_Universal-gcc3
20100701062219,SeaMonkey,2.0.6,Darwin_Universal-gcc3
20100504124052,SeaMonkey,2.0.5,Darwin_Universal-gcc3
20100317113855,SeaMonkey,2.0.4,Darwin_Universal-gcc3
20100205174513,SeaMonkey,2.0.3,Darwin_Universal-gcc3
20100105050904,SeaMonkey,2.0.2,Darwin_Universal-gcc3
20091206081659,SeaMonkey,2.0.1,Darwin_Universal-gcc3
20091017101410,SeaMonkey,2.0,Darwin_Universal-gcc3
20091007203500,SeaMonkey,2.0,Darwin_Universal-gcc3
20090903171148,SeaMonkey,2.0b2,Darwin_Universal-gcc3
20090718072636,SeaMonkey,2.0b1,Darwin_Universal-gcc3
20090223140441,SeaMonkey,2.0a3,Darwin_Universal-gcc3
20110320141607,SeaMonkey,2.0.13,WINNT_x86-msvc
20110123225408,SeaMonkey,2.0.12,WINNT_x86-msvc
20101123124820,SeaMonkey,2.0.11,WINNT_x86-msvc
20101027121512,SeaMonkey,2.0.10,WINNT_x86-msvc
20100930144309,SeaMonkey,2.0.9,WINNT_x86-msvc
20100914140239,SeaMonkey,2.0.8,WINNT_x86-msvc
20100825085311,SeaMonkey,2.0.7,WINNT_x86-msvc
20100701063550,SeaMonkey,2.0.6,WINNT_x86-msvc
20100504124919,SeaMonkey,2.0.5,WINNT_x86-msvc
20100317120533,SeaMonkey,2.0.4,WINNT_x86-msvc
20100205174005,SeaMonkey,2.0.3,WINNT_x86-msvc
20100104163003,SeaMonkey,2.0.2,WINNT_x86-msvc
20091206075935,SeaMonkey,2.0.1,WINNT_x86-msvc
20091017081335,SeaMonkey,2.0,WINNT_x86-msvc
20091007205255,SeaMonkey,2.0,WINNT_x86-msvc
20090903110303,SeaMonkey,2.0b2,WINNT_x86-msvc
20090717105808,SeaMonkey,2.0b1,WINNT_x86-msvc
20090223135443,SeaMonkey,2.0a3,WINNT_x86-msvc
20101125142835,Thunderbird,3.0.11,Linux_x86-gcc3
20101125172923,Thunderbird,3.0.11,Darwin_Universal-gcc3
20101125144718,Thunderbird,3.0.11,WINNT_x86-msvc
20100316060223,Firefox,3.6.2,Linux_x86-gcc3
20120306064154,Firefox,3.6.28,Linux_x86-gcc3
20120216013254,Firefox,3.6.27,Linux_x86-gcc3
20120128224517,Firefox,3.6.26,Linux_x86-gcc3
20120128224517,Firefox,3.6.26,Linux_x86-gcc3
20111212142243,Firefox,3.6.25,Linux_x86-gcc3
20111212142243,Firefox,3.6.25,Linux_x86-gcc3
20111103063747,Firefox,3.6.24,Linux_x86-gcc3
20111103063747,Firefox,3.6.24,Linux_x86-gcc3
20110920075126,Firefox,3.6.23,Linux_x86-gcc3
20110920075126,Firefox,3.6.23,Linux_x86-gcc3
20110902133716,Firefox,3.6.22,Linux_x86-gcc3
20110902133716,Firefox,3.6.22,Linux_x86-gcc3
20110830092825,Firefox,3.6.21,Linux_x86-gcc3
20110830092825,Firefox,3.6.21,Linux_x86-gcc3
20110803131630,Firefox,3.6.20,Linux_x86-gcc3
20110803131630,Firefox,3.6.20,Linux_x86-gcc3
20110707195905,Firefox,3.6.19,Linux_x86-gcc3
20110707195905,Firefox,3.6.19,Linux_x86-gcc3
20110614230723,Firefox,3.6.18,Linux_x86-gcc3
20110614230723,Firefox,3.6.18,Linux_x86-gcc3
20110420140830,Firefox,3.6.17,Linux_x86-gcc3
20110420140830,Firefox,3.6.17,Linux_x86-gcc3
20110319135224,Firefox,3.6.16,Linux_x86-gcc3
20110319135224,Firefox,3.6.16,Linux_x86-gcc3
20110303024323,Firefox,3.6.15,Linux_x86-gcc3
20110303024323,Firefox,3.6.15,Linux_x86-gcc3
20110218124314,Firefox,3.6.14,Linux_x86-gcc3
20110218124314,Firefox,3.6.14,Linux_x86-gcc3
20101203074139,Firefox,3.6.13,Linux_x86-gcc3
20101203074139,Firefox,3.6.13,Linux_x86-gcc3
20101026200835,Firefox,3.6.12,Linux_x86-gcc3
20101026200835,Firefox,3.6.12,Linux_x86-gcc3
20101012110043,Firefox,3.6.11,Linux_x86-gcc3
20101012110043,Firefox,3.6.11,Linux_x86-gcc3
20100914123505,Firefox,3.6.10,Linux_x86-gcc3
20100914123505,Firefox,3.6.10,Linux_x86-gcc3
20100824144629,Firefox,3.6.9,Linux_x86-gcc3
20100824144629,Firefox,3.6.9,Linux_x86-gcc3
20100722145641,Firefox,3.6.8,Linux_x86-gcc3
20100722145641,Firefox,3.6.8,Linux_x86-gcc3
20100713120425,Firefox,3.6.7,Linux_x86-gcc3
20100713120425,Firefox,3.6.7,Linux_x86-gcc3
20100625222733,Firefox,3.6.6,Linux_x86-gcc3
20100625222733,Firefox,3.6.6,Linux_x86-gcc3
20100611135942,Firefox,3.6.4,Linux_x86-gcc3
20100611135942,Firefox,3.6.4,Linux_x86-gcc3
20100401074458,Firefox,3.6.3,Linux_x86-gcc3
20100401074458,Firefox,3.6.3,Linux_x86-gcc3
20100316060223,Firefox,3.6.2,Linux_x86-gcc3
20100316060223,Firefox,3.6.2,Linux_x86-gcc3
20100115133306,Firefox,3.6,Linux_x86-gcc3
20100115133306,Firefox,3.6,Linux_x86-gcc3
20100105194116,Firefox,3.6,Linux_x86-gcc3
20100105194116,Firefox,3.6,Linux_x86-gcc3
20091204132459,Firefox,3.6b5,Linux_x86-gcc3
20091204132459,Firefox,3.6b5,Linux_x86-gcc3
20091124201751,Firefox,3.6b4,Linux_x86-gcc3
20091124201751,Firefox,3.6b4,Linux_x86-gcc3
20091115172547,Firefox,3.6b3,Linux_x86-gcc3
20091115172547,Firefox,3.6b3,Linux_x86-gcc3
20091108163911,Firefox,3.6b2,Linux_x86-gcc3
20091108163911,Firefox,3.6b2,Linux_x86-gcc3
20091029152254,Firefox,3.6b1,Linux_x86-gcc3
20091029152254,Firefox,3.6b1,Linux_x86-gcc3
20090806155851,Firefox,3.6a1,Linux_x86-gcc3
20100316055951,Firefox,3.6.2,Darwin_Universal-gcc3
20120306064154,Firefox,3.6.28,Darwin_x86-gcc3-u-ppc-i386
20120216013254,Firefox,3.6.27,Darwin_Universal-gcc3
20120128224517,Firefox,3.6.26,Darwin_Universal-gcc3
20120128224517,Firefox,3.6.26,Darwin_Universal-gcc3
20111212142243,Firefox,3.6.25,Darwin_Universal-gcc3
20111212142243,Firefox,3.6.25,Darwin_Universal-gcc3
20111103063747,Firefox,3.6.24,Darwin_Universal-gcc3
20111103063747,Firefox,3.6.24,Darwin_Universal-gcc3
20110920075126,Firefox,3.6.23,Darwin_Universal-gcc3
20110920075126,Firefox,3.6.23,Darwin_Universal-gcc3
20110902133716,Firefox,3.6.22,Darwin_Universal-gcc3
20110902133716,Firefox,3.6.22,Darwin_Universal-gcc3
20110830092825,Firefox,3.6.21,Darwin_Universal-gcc3
20110830092825,Firefox,3.6.21,Darwin_Universal-gcc3
20110803131630,Firefox,3.6.20,Darwin_Universal-gcc3
20110803131630,Firefox,3.6.20,Darwin_Universal-gcc3
20110707195905,Firefox,3.6.19,Darwin_Universal-gcc3
20110707195905,Firefox,3.6.19,Darwin_Universal-gcc3
20110614230723,Firefox,3.6.18,Darwin_Universal-gcc3
20110614230723,Firefox,3.6.18,Darwin_Universal-gcc3
20110420140830,Firefox,3.6.17,Darwin_Universal-gcc3
20110420140830,Firefox,3.6.17,Darwin_Universal-gcc3
20110319135224,Firefox,3.6.16,Darwin_Universal-gcc3
20110319135224,Firefox,3.6.16,Darwin_Universal-gcc3
20110303024001,Firefox,3.6.15,Darwin_Universal-gcc3
20110303024001,Firefox,3.6.15,Darwin_Universal-gcc3
20110218124600,Firefox,3.6.14,Darwin_Universal-gcc3
20110218124600,Firefox,3.6.14,Darwin_Universal-gcc3
20101203074432,Firefox,3.6.13,Darwin_Universal-gcc3
20101203074432,Firefox,3.6.13,Darwin_Universal-gcc3
20101026200743,Firefox,3.6.12,Darwin_Universal-gcc3
20101026200743,Firefox,3.6.12,Darwin_Universal-gcc3
20101012104758,Firefox,3.6.11,Darwin_Universal-gcc3
20101012104758,Firefox,3.6.11,Darwin_Universal-gcc3
20100914120618,Firefox,3.6.10,Darwin_Universal-gcc3
20100914120618,Firefox,3.6.10,Darwin_Universal-gcc3
20100824144458,Firefox,3.6.9,Darwin_Universal-gcc3
20100824144458,Firefox,3.6.9,Darwin_Universal-gcc3
20100722150226,Firefox,3.6.8,Darwin_Universal-gcc3
20100722150226,Firefox,3.6.8,Darwin_Universal-gcc3
20100713121444,Firefox,3.6.7,Darwin_Universal-gcc3
20100713121444,Firefox,3.6.7,Darwin_Universal-gcc3
20100625223402,Firefox,3.6.6,Darwin_Universal-gcc3
20100625223402,Firefox,3.6.6,Darwin_Universal-gcc3
20100611134546,Firefox,3.6.4,Darwin_Universal-gcc3
20100611134546,Firefox,3.6.4,Darwin_Universal-gcc3
20100401064631,Firefox,3.6.3,Darwin_Universal-gcc3
20100401064631,Firefox,3.6.3,Darwin_Universal-gcc3
20100316055951,Firefox,3.6.2,Darwin_Universal-gcc3
20100316055951,Firefox,3.6.2,Darwin_Universal-gcc3
20100115132715,Firefox,3.6,Darwin_Universal-gcc3
20100115132715,Firefox,3.6,Darwin_Universal-gcc3
20100105194006,Firefox,3.6,Darwin_Universal-gcc3
20100105194006,Firefox,3.6,Darwin_Universal-gcc3
20091204132509,Firefox,3.6b5,Darwin_Universal-gcc3
20091204132509,Firefox,3.6b5,Darwin_Universal-gcc3
20091124201530,Firefox,3.6b4,Darwin_Universal-gcc3
20091124201530,Firefox,3.6b4,Darwin_Universal-gcc3
20091115172407,Firefox,3.6b3,Darwin_Universal-gcc3
20091115172407,Firefox,3.6b3,Darwin_Universal-gcc3
20091108163852,Firefox,3.6b2,Darwin_Universal-gcc3
20091108163852,Firefox,3.6b2,Darwin_Universal-gcc3
20091029151354,Firefox,3.6b1,Darwin_Universal-gcc3
20091029151354,Firefox,3.6b1,Darwin_Universal-gcc3
20090806155510,Firefox,3.6a1,Darwin_Universal-gcc3
20100316074819,Firefox,3.6.2,WINNT_x86-msvc
20120306064154,Firefox,3.6.28,WINNT_x86-msvc
20120216013254,Firefox,3.6.27,WINNT_x86-msvc
20120128224517,Firefox,3.6.26,WINNT_x86-msvc
20120128224517,Firefox,3.6.26,WINNT_x86-msvc
20111212142243,Firefox,3.6.25,WINNT_x86-msvc
20111212142243,Firefox,3.6.25,WINNT_x86-msvc
20111103063747,Firefox,3.6.24,WINNT_x86-msvc
20111103063747,Firefox,3.6.24,WINNT_x86-msvc
20110920075126,Firefox,3.6.23,WINNT_x86-msvc
20110920075126,Firefox,3.6.23,WINNT_x86-msvc
20110902133716,Firefox,3.6.22,WINNT_x86-msvc
20110902133716,Firefox,3.6.22,WINNT_x86-msvc
20110830092825,Firefox,3.6.21,WINNT_x86-msvc
20110830092825,Firefox,3.6.21,WINNT_x86-msvc
20110803131630,Firefox,3.6.20,WINNT_x86-msvc
20110803131630,Firefox,3.6.20,WINNT_x86-msvc
20110707195905,Firefox,3.6.19,WINNT_x86-msvc
20110707195905,Firefox,3.6.19,WINNT_x86-msvc
20110614230723,Firefox,3.6.18,WINNT_x86-msvc
20110614230723,Firefox,3.6.18,WINNT_x86-msvc
20110420140830,Firefox,3.6.17,WINNT_x86-msvc
20110420140830,Firefox,3.6.17,WINNT_x86-msvc
20110319135224,Firefox,3.6.16,WINNT_x86-msvc
20110319135224,Firefox,3.6.16,WINNT_x86-msvc
20110303024726,Firefox,3.6.15,WINNT_x86-msvc
20110303024726,Firefox,3.6.15,WINNT_x86-msvc
20110218125750,Firefox,3.6.14,WINNT_x86-msvc
20110218125750,Firefox,3.6.14,WINNT_x86-msvc
20101203075014,Firefox,3.6.13,WINNT_x86-msvc
20101203075014,Firefox,3.6.13,WINNT_x86-msvc
20101026210630,Firefox,3.6.12,WINNT_x86-msvc
20101026210630,Firefox,3.6.12,WINNT_x86-msvc
20101012113537,Firefox,3.6.11,WINNT_x86-msvc
20101012113537,Firefox,3.6.11,WINNT_x86-msvc
20100914125854,Firefox,3.6.10,WINNT_x86-msvc
20100914125854,Firefox,3.6.10,WINNT_x86-msvc
20100824153629,Firefox,3.6.9,WINNT_x86-msvc
20100824153629,Firefox,3.6.9,WINNT_x86-msvc
20100722155716,Firefox,3.6.8,WINNT_x86-msvc
20100722155716,Firefox,3.6.8,WINNT_x86-msvc
20100713130626,Firefox,3.6.7,WINNT_x86-msvc
20100713130626,Firefox,3.6.7,WINNT_x86-msvc
20100625231939,Firefox,3.6.6,WINNT_x86-msvc
20100625231939,Firefox,3.6.6,WINNT_x86-msvc
20100611143157,Firefox,3.6.4,WINNT_x86-msvc
20100611143157,Firefox,3.6.4,WINNT_x86-msvc
20100401080539,Firefox,3.6.3,WINNT_x86-msvc
20100401080539,Firefox,3.6.3,WINNT_x86-msvc
20100316074819,Firefox,3.6.2,WINNT_x86-msvc
20100316074819,Firefox,3.6.2,WINNT_x86-msvc
20100115144158,Firefox,3.6,WINNT_x86-msvc
20100115144158,Firefox,3.6,WINNT_x86-msvc
20100105212446,Firefox,3.6,WINNT_x86-msvc
20100105212446,Firefox,3.6,WINNT_x86-msvc
20091204143806,Firefox,3.6b5,WINNT_x86-msvc
20091204143806,Firefox,3.6b5,WINNT_x86-msvc
20091124213835,Firefox,3.6b4,WINNT_x86-msvc
20091124213835,Firefox,3.6b4,WINNT_x86-msvc
20091115182845,Firefox,3.6b3,WINNT_x86-msvc
20091115182845,Firefox,3.6b3,WINNT_x86-msvc
20091108181924,Firefox,3.6b2,WINNT_x86-msvc
20091108181924,Firefox,3.6b2,WINNT_x86-msvc
20091029171059,Firefox,3.6b1,WINNT_x86-msvc
20091029171059,Firefox,3.6b1,WINNT_x86-msvc
20090806165642,Firefox,3.6a1,WINNT_x86-msvc
20120216031331,Thunderbird,3.1.19,Linux_x86-gcc3
20120129005943,Thunderbird,3.1.18,Linux_x86-gcc3
20120129005943,Thunderbird,3.1.18,Linux_x86-gcc3
20111213023445,Thunderbird,3.1.17,Linux_x86-gcc3
20111213023445,Thunderbird,3.1.17,Linux_x86-gcc3
20111103021621,Thunderbird,3.1.16,Linux_x86-gcc3
20111103021621,Thunderbird,3.1.16,Linux_x86-gcc3
20110920110517,Thunderbird,3.1.15,Linux_x86-gcc3
20110920110517,Thunderbird,3.1.15,Linux_x86-gcc3
20110902171905,Thunderbird,3.1.14,Linux_x86-gcc3
20110902171905,Thunderbird,3.1.14,Linux_x86-gcc3
20110830133519,Thunderbird,3.1.13,Linux_x86-gcc3
20110830133519,Thunderbird,3.1.13,Linux_x86-gcc3
20110804083711,Thunderbird,3.1.12,Linux_x86-gcc3
20110804083711,Thunderbird,3.1.12,Linux_x86-gcc3
20110616152752,Thunderbird,3.1.11,Linux_x86-gcc3
20110616152752,Thunderbird,3.1.11,Linux_x86-gcc3
20110414112900,Thunderbird,3.1.10,Linux_x86-gcc3
20110414112900,Thunderbird,3.1.10,Linux_x86-gcc3
20110303033418,Thunderbird,3.1.9,Linux_x86-gcc3
20110303033418,Thunderbird,3.1.9,Linux_x86-gcc3
20110221034526,Thunderbird,3.1.8,Linux_x86-gcc3
20101207084811,Thunderbird,3.1.7,Linux_x86-gcc3
20101027001344,Thunderbird,3.1.6,Linux_x86-gcc3
20101013165818,Thunderbird,3.1.5,Linux_x86-gcc3
20100915114654,Thunderbird,3.1.4,Linux_x86-gcc3
20100825122123,Thunderbird,3.1.3,Linux_x86-gcc3
20100802163651,Thunderbird,3.1.2,Linux_x86-gcc3
20100713154229,Thunderbird,3.1.1,Linux_x86-gcc3
20100608021630,Thunderbird,3.1,Linux_x86-gcc3
20100526043820,Thunderbird,3.1,Linux_x86-gcc3
20120216031415,Thunderbird,3.1.19,Darwin_Universal-gcc3
20120129005954,Thunderbird,3.1.18,Darwin_Universal-gcc3
20120129005954,Thunderbird,3.1.18,Darwin_Universal-gcc3
20111213023540,Thunderbird,3.1.17,Darwin_Universal-gcc3
20111213023540,Thunderbird,3.1.17,Darwin_Universal-gcc3
20111103020018,Thunderbird,3.1.16,Darwin_Universal-gcc3
20111103020018,Thunderbird,3.1.16,Darwin_Universal-gcc3
20110920110524,Thunderbird,3.1.15,Darwin_Universal-gcc3
20110920110524,Thunderbird,3.1.15,Darwin_Universal-gcc3
20110902171212,Thunderbird,3.1.14,Darwin_Universal-gcc3
20110902171212,Thunderbird,3.1.14,Darwin_Universal-gcc3
20110830141231,Thunderbird,3.1.13,Darwin_Universal-gcc3
20110830141231,Thunderbird,3.1.13,Darwin_Universal-gcc3
20110804083719,Thunderbird,3.1.12,Darwin_Universal-gcc3
20110804083719,Thunderbird,3.1.12,Darwin_Universal-gcc3
20110616145326,Thunderbird,3.1.11,Darwin_Universal-gcc3
20110616145326,Thunderbird,3.1.11,Darwin_Universal-gcc3
20110414112909,Thunderbird,3.1.10,Darwin_Universal-gcc3
20110414112909,Thunderbird,3.1.10,Darwin_Universal-gcc3
20110303033424,Thunderbird,3.1.9,Darwin_Universal-gcc3
20110303033424,Thunderbird,3.1.9,Darwin_Universal-gcc3
20110221034154,Thunderbird,3.1.8,Darwin_Universal-gcc3
20101207114001,Thunderbird,3.1.7,Darwin_Universal-gcc3
20101027031233,Thunderbird,3.1.6,Darwin_Universal-gcc3
20101013195457,Thunderbird,3.1.5,Darwin_Universal-gcc3
20100915140742,Thunderbird,3.1.4,Darwin_Universal-gcc3
20100825152846,Thunderbird,3.1.3,Darwin_Universal-gcc3
20100802194032,Thunderbird,3.1.2,Darwin_Universal-gcc3
20100713184932,Thunderbird,3.1.1,Darwin_Universal-gcc3
20100608051800,Thunderbird,3.1,Darwin_Universal-gcc3
20100526130412,Thunderbird,3.1,Darwin_Universal-gcc3
20120216033142,Thunderbird,3.1.19,WINNT_x86-msvc
20120129005954,Thunderbird,3.1.18,WINNT_x86-msvc
20120129005954,Thunderbird,3.1.18,WINNT_x86-msvc
20111213023509,Thunderbird,3.1.17,WINNT_x86-msvc
20111213023509,Thunderbird,3.1.17,WINNT_x86-msvc
20111103020352,Thunderbird,3.1.16,WINNT_x86-msvc
20111103020352,Thunderbird,3.1.16,WINNT_x86-msvc
20110920110517,Thunderbird,3.1.15,WINNT_x86-msvc
20110920110517,Thunderbird,3.1.15,WINNT_x86-msvc
20110902171213,Thunderbird,3.1.14,WINNT_x86-msvc
20110902171213,Thunderbird,3.1.14,WINNT_x86-msvc
20110830133507,Thunderbird,3.1.13,WINNT_x86-msvc
20110830133507,Thunderbird,3.1.13,WINNT_x86-msvc
20110804095341,Thunderbird,3.1.12,WINNT_x86-msvc
20110804095341,Thunderbird,3.1.12,WINNT_x86-msvc
20110616145146,Thunderbird,3.1.11,WINNT_x86-msvc
20110616145146,Thunderbird,3.1.11,WINNT_x86-msvc
20110414114714,Thunderbird,3.1.10,WINNT_x86-msvc
20110414114714,Thunderbird,3.1.10,WINNT_x86-msvc
20110303033424,Thunderbird,3.1.9,WINNT_x86-msvc
20110303033424,Thunderbird,3.1.9,WINNT_x86-msvc
20110221034153,Thunderbird,3.1.8,WINNT_x86-msvc
20101207091341,Thunderbird,3.1.7,WINNT_x86-msvc
20101027003100,Thunderbird,3.1.6,WINNT_x86-msvc
20101013171520,Thunderbird,3.1.5,WINNT_x86-msvc
20100915113750,Thunderbird,3.1.4,WINNT_x86-msvc
20100825123352,Thunderbird,3.1.3,WINNT_x86-msvc
20100802165400,Thunderbird,3.1.2,WINNT_x86-msvc
20100713161411,Thunderbird,3.1.1,WINNT_x86-msvc
20100608023648,Thunderbird,3.1,WINNT_x86-msvc
20100526103039,Thunderbird,3.1,WINNT_x86-msvc
20110413222027,Firefox,4.0.1,Linux_x86-gcc3
20110318052756,Firefox,4.0,Linux_x86-gcc3
20110303140816,Firefox,4.0,Linux_x86-gcc3
20110222205441,Firefox,4.0b12,Linux_x86-gcc3
20110203140750,Firefox,4.0b11,Linux_x86-gcc3
20110121161352,Firefox,4.0b10,Linux_x86-gcc3
20110110191600,Firefox,4.0b9,Linux_x86-gcc3
20101214164501,Firefox,4.0b8,Linux_x86-gcc3
20110318052756,Firefox,4.0,Linux_x86-gcc3
20110303140816,Firefox,4.0,Linux_x86-gcc3
20110303140816,Firefox,4.0,Linux_x86-gcc3
20110222205441,Firefox,4.0b12,Linux_x86-gcc3
20110222205441,Firefox,4.0b12,Linux_x86-gcc3
20110203140750,Firefox,4.0b11,Linux_x86-gcc3
20110203140750,Firefox,4.0b11,Linux_x86-gcc3
20110121161352,Firefox,4.0b10,Linux_x86-gcc3
20110121161352,Firefox,4.0b10,Linux_x86-gcc3
20110110191600,Firefox,4.0b9,Linux_x86-gcc3
20110110191600,Firefox,4.0b9,Linux_x86-gcc3
20101214164501,Firefox,4.0b8,Linux_x86-gcc3
20101214164501,Firefox,4.0b8,Linux_x86-gcc3
20101104125541,Firefox,4.0b7,Linux_x86-gcc3
20101104125541,Firefox,4.0b7,Linux_x86-gcc3
20100914072313,Firefox,4.0b6,Linux_x86-gcc3
20100914072313,Firefox,4.0b6,Linux_x86-gcc3
20100831064831,Firefox,4.0b5,Linux_x86-gcc3
20100831064831,Firefox,4.0b5,Linux_x86-gcc3
20100818120848,Firefox,4.0b4,Linux_x86-gcc3
20100818120848,Firefox,4.0b4,Linux_x86-gcc3
20100805181633,Firefox,4.0b3,Linux_x86-gcc3
20100805181633,Firefox,4.0b3,Linux_x86-gcc3
20100720174526,Firefox,4.0b2,Linux_x86-gcc3
20100720174526,Firefox,4.0b2,Linux_x86-gcc3
20100630132217,Firefox,4.0b1,Linux_x86-gcc3
20100610052642,Firefox,3.7a5,Linux_x86-gcc3
20100407110628,Firefox,3.7a4,Linux_x86-gcc3
20100315071527,Firefox,3.7a3,Linux_x86-gcc3
20100228153229,Firefox,3.7a2,Linux_x86-gcc3
20100208064801,Firefox,3.7a1,Linux_x86-gcc3
20110413222027,Firefox,4.0.1,Linux_x86_64-gcc3
20110318052756,Firefox,4.0,Linux_x86_64-gcc3
20110303144013,Firefox,4.0,Linux_x86_64-gcc3
20110222212644,Firefox,4.0b12,Linux_x86_64-gcc3
20110203141146,Firefox,4.0b11,Linux_x86_64-gcc3
20110121161649,Firefox,4.0b10,Linux_x86_64-gcc3
20110110192031,Firefox,4.0b9,Linux_x86_64-gcc3
20101214180840,Firefox,4.0b8,Linux_x86_64-gcc3
20110318052756,Firefox,4.0,Linux_x86_64-gcc3
20110303144013,Firefox,4.0,Linux_x86_64-gcc3
20110303144013,Firefox,4.0,Linux_x86_64-gcc3
20110222212644,Firefox,4.0b12,Linux_x86_64-gcc3
20110222212644,Firefox,4.0b12,Linux_x86_64-gcc3
20110203141146,Firefox,4.0b11,Linux_x86_64-gcc3
20110203141146,Firefox,4.0b11,Linux_x86_64-gcc3
20110121161649,Firefox,4.0b10,Linux_x86_64-gcc3
20110121161649,Firefox,4.0b10,Linux_x86_64-gcc3
20110110192031,Firefox,4.0b9,Linux_x86_64-gcc3
20110110192031,Firefox,4.0b9,Linux_x86_64-gcc3
20101214180840,Firefox,4.0b8,Linux_x86_64-gcc3
20101214180840,Firefox,4.0b8,Linux_x86_64-gcc3
20101104131204,Firefox,4.0b7,Linux_x86_64-gcc3
20101104131204,Firefox,4.0b7,Linux_x86_64-gcc3
20100914072643,Firefox,4.0b6,Linux_x86_64-gcc3
20100914072643,Firefox,4.0b6,Linux_x86_64-gcc3
20100831065840,Firefox,4.0b5,Linux_x86_64-gcc3
20100831065840,Firefox,4.0b5,Linux_x86_64-gcc3
20100818121643,Firefox,4.0b4,Linux_x86_64-gcc3
20100818121643,Firefox,4.0b4,Linux_x86_64-gcc3
20100805182321,Firefox,4.0b3,Linux_x86_64-gcc3
20100805182321,Firefox,4.0b3,Linux_x86_64-gcc3
20100720180641,Firefox,4.0b2,Linux_x86_64-gcc3
20100720180641,Firefox,4.0b2,Linux_x86_64-gcc3
20100630132356,Firefox,4.0b1,Linux_x86_64-gcc3
20100610053237,Firefox,3.7a5,Linux_x86_64-gcc3
20100831070010,Firefox,4.0b5,Darwin_Universal-gcc3
20100818121614,Firefox,4.0b4,Darwin_Universal-gcc3
20100805181943,Firefox,4.0b3,Darwin_Universal-gcc3
20100720175703,Firefox,4.0b2,Darwin_Universal-gcc3
20100630131607,Firefox,4.0b1,Darwin_Universal-gcc3
20100610053455,Firefox,3.7a5,Darwin_Universal-gcc3
20100407105356,Firefox,3.7a4,Darwin_Universal-gcc3
20100315065900,Firefox,3.7a3,Darwin_Universal-gcc3
20100228155422,Firefox,3.7a2,Darwin_Universal-gcc3
20100208064157,Firefox,3.7a1,Darwin_Universal-gcc3
20110413222027,Firefox,4.0.1,Darwin_x86-gcc3-u-i386-x86_64
20110318052756,Firefox,4.0,Darwin_x86-gcc3-u-i386-x86_64
20110303140758,Firefox,4.0,Darwin_x86-gcc3-u-i386-x86_64
20110222205430,Firefox,4.0b12,Darwin_x86-gcc3-u-i386-x86_64
20110203140743,Firefox,4.0b11,Darwin_x86-gcc3-u-i386-x86_64
20110121161344,Firefox,4.0b10,Darwin_x86-gcc3-u-i386-x86_64
20110110191913,Firefox,4.0b9,Darwin_x86-gcc3-u-i386-x86_64
20101214165004,Firefox,4.0b8,Darwin_x86-gcc3-u-i386-x86_64
20110318052756,Firefox,4.0,Darwin_x86_64-gcc3-u-i386-x86_64
20110303140758,Firefox,4.0,Darwin_x86_64-gcc3-u-i386-x86_64
20110303140758,Firefox,4.0,Darwin_x86_64-gcc3-u-i386-x86_64
20110222205430,Firefox,4.0b12,Darwin_x86_64-gcc3-u-i386-x86_64
20110222205430,Firefox,4.0b12,Darwin_x86_64-gcc3-u-i386-x86_64
20110203140743,Firefox,4.0b11,Darwin_x86_64-gcc3-u-i386-x86_64
20110203140743,Firefox,4.0b11,Darwin_x86_64-gcc3-u-i386-x86_64
20110121161344,Firefox,4.0b10,Darwin_x86_64-gcc3-u-i386-x86_64
20110121161344,Firefox,4.0b10,Darwin_x86_64-gcc3-u-i386-x86_64
20110110191913,Firefox,4.0b9,Darwin_x86_64-gcc3-u-i386-x86_64
20110110191913,Firefox,4.0b9,Darwin_x86_64-gcc3-u-i386-x86_64
20101214165004,Firefox,4.0b8,Darwin_x86_64-gcc3-u-i386-x86_64
20101214165004,Firefox,4.0b8,Darwin_x86_64-gcc3-u-i386-x86_64
20101104131842,Firefox,4.0b7,Darwin_x86_64-gcc3-u-i386-x86_64
20101104131842,Firefox,4.0b7,Darwin_x86_64-gcc3-u-i386-x86_64
20100914073111,Firefox,4.0b6,Darwin_x86_64-gcc3-u-i386-x86_64
20100914073111,Firefox,4.0b6,Darwin_x86_64-gcc3-u-i386-x86_64
20100831070403,Firefox,4.0b5,Darwin_x86_64-gcc3-u-i386-x86_64
20100831070403,Firefox,4.0b5,Darwin_x86_64-gcc3-u-i386-x86_64
20100818121922,Firefox,4.0b4,Darwin_x86_64-gcc3-u-i386-x86_64
20100818121922,Firefox,4.0b4,Darwin_x86_64-gcc3-u-i386-x86_64
20100805182338,Firefox,4.0b3,Darwin_x86_64-gcc3-u-i386-x86_64
20100805182338,Firefox,4.0b3,Darwin_x86_64-gcc3-u-i386-x86_64
20100720180051,Firefox,4.0b2,Darwin_x86_64-gcc3-u-i386-x86_64
20100720180051,Firefox,4.0b2,Darwin_x86_64-gcc3-u-i386-x86_64
20100630131936,Firefox,4.0b1,Darwin_x86_64-gcc3-u-i386-x86_64
20100610053411,Firefox,3.7a5,Darwin_x86_64-gcc3-u-i386-x86_64
20110413222027,Firefox,4.0.1,WINNT_x86-msvc
20110318052756,Firefox,4.0,WINNT_x86-msvc
20110303194838,Firefox,4.0,WINNT_x86-msvc
20110222210221,Firefox,4.0b12,WINNT_x86-msvc
20110203141415,Firefox,4.0b11,WINNT_x86-msvc
20110121161358,Firefox,4.0b10,WINNT_x86-msvc
20110110191547,Firefox,4.0b9,WINNT_x86-msvc
20101214170338,Firefox,4.0b8,WINNT_x86-msvc
20110318052756,Firefox,4.0,WINNT_x86-msvc
20110303194838,Firefox,4.0,WINNT_x86-msvc
20110303194838,Firefox,4.0,WINNT_x86-msvc
20110222210221,Firefox,4.0b12,WINNT_x86-msvc
20110222210221,Firefox,4.0b12,WINNT_x86-msvc
20110203141415,Firefox,4.0b11,WINNT_x86-msvc
20110203141415,Firefox,4.0b11,WINNT_x86-msvc
20110121161358,Firefox,4.0b10,WINNT_x86-msvc
20110121161358,Firefox,4.0b10,WINNT_x86-msvc
20110110191547,Firefox,4.0b9,WINNT_x86-msvc
20110110191547,Firefox,4.0b9,WINNT_x86-msvc
20101214170338,Firefox,4.0b8,WINNT_x86-msvc
20101214170338,Firefox,4.0b8,WINNT_x86-msvc
20101104142426,Firefox,4.0b7,WINNT_x86-msvc
20101104142426,Firefox,4.0b7,WINNT_x86-msvc
20100914083612,Firefox,4.0b6,WINNT_x86-msvc
20100914083612,Firefox,4.0b6,WINNT_x86-msvc
20100831080731,Firefox,4.0b5,WINNT_x86-msvc
20100831080731,Firefox,4.0b5,WINNT_x86-msvc
20100818132640,Firefox,4.0b4,WINNT_x86-msvc
20100818132640,Firefox,4.0b4,WINNT_x86-msvc
20100805192522,Firefox,4.0b3,WINNT_x86-msvc
20100805192522,Firefox,4.0b3,WINNT_x86-msvc
20100720190347,Firefox,4.0b2,WINNT_x86-msvc
20100720190347,Firefox,4.0b2,WINNT_x86-msvc
20100630141702,Firefox,4.0b1,WINNT_x86-msvc
20100610063440,Firefox,3.7a5,WINNT_x86-msvc
20100407114617,Firefox,3.7a4,WINNT_x86-msvc
20100315090913,Firefox,3.7a3,WINNT_x86-msvc
20100228165829,Firefox,3.7a2,WINNT_x86-msvc
20100208105635,Firefox,3.7a1,WINNT_x86-msvc
20110511133425,SeaMonkey,2.1,Linux_x86-gcc3
20110408112839,SeaMonkey,2.1b3,Linux_x86-gcc3
20110209115208,SeaMonkey,2.1b2,Linux_x86-gcc3
20101008130443,SeaMonkey,2.1b1,Linux_x86-gcc3
20100817093944,SeaMonkey,2.1a3,Linux_x86-gcc3
20100629104424,SeaMonkey,2.1a2,Linux_x86-gcc3
20100510190105,SeaMonkey,2.1a1,Linux_x86-gcc3
20110511141243,SeaMonkey,2.1,Darwin_x86_64-gcc3
20110408111234,SeaMonkey,2.1b3,Darwin_x86_64-gcc3
20110209111725,SeaMonkey,2.1b2,Darwin_x86_64-gcc3
20101008130054,SeaMonkey,2.1b1,Darwin_x86_64-gcc3
20100817091614,SeaMonkey,2.1a3,Darwin_Universal-gcc3
20100629102239,SeaMonkey,2.1a2,Darwin_Universal-gcc3
20100510190907,SeaMonkey,2.1a1,Darwin_Universal-gcc3
20110511131432,SeaMonkey,2.1,WINNT_x86-msvc
20110408111019,SeaMonkey,2.1b3,WINNT_x86-msvc
20110209111130,SeaMonkey,2.1b2,WINNT_x86-msvc
20101008132820,SeaMonkey,2.1b1,WINNT_x86-msvc
20100817094933,SeaMonkey,2.1a3,WINNT_x86-msvc
20100629103954,SeaMonkey,2.1a2,WINNT_x86-msvc
20100511025132,SeaMonkey,2.1a1,WINNT_x86-msvc
20120306133628,Thunderbird,3.1.20,Linux_x86-gcc3
20110314064858,Thunderbird,3.3a3,Linux_x86_64-gcc3
20120306133909,Thunderbird,3.1.20,Darwin_Universal-gcc3
20120306133621,Thunderbird,3.1.20,WINNT_x86-msvc
20120528154913,Firefox,13.0,Linux_x86-gcc3
20120523114940,Firefox,13.0,Linux_x86-gcc3
20120523114940,Firefox,13.0,Linux_x86-gcc3
20120516113045,Firefox,13.0,Linux_x86-gcc3
20120516113045,Firefox,13.0,Linux_x86-gcc3
20120508180640,Firefox,13.0,Linux_x86-gcc3
20120508180640,Firefox,13.0,Linux_x86-gcc3
20120501201020,Firefox,13.0,Linux_x86-gcc3
20120501201020,Firefox,13.0,Linux_x86-gcc3
20120425123149,Firefox,13.0,Linux_x86-gcc3
20120425123149,Firefox,13.0,Linux_x86-gcc3
20120417165043,Firefox,12.0,Linux_x86-gcc3
20120417165043,Firefox,12.0,Linux_x86-gcc3
20120411064248,Firefox,12.0,Linux_x86-gcc3
20120411064248,Firefox,12.0,Linux_x86-gcc3
20120403211507,Firefox,12.0,Linux_x86-gcc3
20120403211507,Firefox,12.0,Linux_x86-gcc3
20120328051619,Firefox,12.0,Linux_x86-gcc3
20120328051619,Firefox,12.0,Linux_x86-gcc3
20120321033733,Firefox,12.0,Linux_x86-gcc3
20120321033733,Firefox,12.0,Linux_x86-gcc3
20120314195616,Firefox,12.0,Linux_x86-gcc3
20120314195616,Firefox,12.0,Linux_x86-gcc3
20120310173008,Firefox,11.0,Linux_x86-gcc3
20120310173008,Firefox,11.0,Linux_x86-gcc3
20120308162450,Firefox,11.0,Linux_x86-gcc3
20120308162450,Firefox,11.0,Linux_x86-gcc3
20120305181207,Firefox,11.0,Linux_x86-gcc3
20120305181207,Firefox,11.0,Linux_x86-gcc3
20120228210006,Firefox,11.0,Linux_x86-gcc3
20120228210006,Firefox,11.0,Linux_x86-gcc3
20120222074758,Firefox,11.0,Linux_x86-gcc3
20120222074758,Firefox,11.0,Linux_x86-gcc3
20120215222917,Firefox,11.0,Linux_x86-gcc3
20120215222917,Firefox,11.0,Linux_x86-gcc3
20120208012847,Firefox,11.0,Linux_x86-gcc3
20120208012847,Firefox,11.0,Linux_x86-gcc3
20120201153158,Firefox,11.0,Linux_x86-gcc3
20120201153158,Firefox,11.0,Linux_x86-gcc3
20120123235200,Firefox,10.0,Linux_x86-gcc3
20120123235200,Firefox,10.0,Linux_x86-gcc3
20120118081945,Firefox,10.0,Linux_x86-gcc3
20120118081945,Firefox,10.0,Linux_x86-gcc3
20120111092507,Firefox,10.0,Linux_x86-gcc3
20120111092507,Firefox,10.0,Linux_x86-gcc3
20120104111456,Firefox,10.0,Linux_x86-gcc3
20120104111456,Firefox,10.0,Linux_x86-gcc3
20111228055358,Firefox,10.0,Linux_x86-gcc3
20111228055358,Firefox,10.0,Linux_x86-gcc3
20111221135037,Firefox,10.0,Linux_x86-gcc3
20111221135037,Firefox,10.0,Linux_x86-gcc3
20120528154913,Firefox,13.0,Linux_x86_64-gcc3
20120523114940,Firefox,13.0,Linux_x86_64-gcc3
20120523114940,Firefox,13.0,Linux_x86_64-gcc3
20120516113045,Firefox,13.0,Linux_x86_64-gcc3
20120516113045,Firefox,13.0,Linux_x86_64-gcc3
20120508180640,Firefox,13.0,Linux_x86_64-gcc3
20120508180640,Firefox,13.0,Linux_x86_64-gcc3
20120501201020,Firefox,13.0,Linux_x86_64-gcc3
20120501201020,Firefox,13.0,Linux_x86_64-gcc3
20120425123149,Firefox,13.0,Linux_x86_64-gcc3
20120425123149,Firefox,13.0,Linux_x86_64-gcc3
20120417165043,Firefox,12.0,Linux_x86_64-gcc3
20120417165043,Firefox,12.0,Linux_x86_64-gcc3
20120411064248,Firefox,12.0,Linux_x86_64-gcc3
20120411064248,Firefox,12.0,Linux_x86_64-gcc3
20120403211507,Firefox,12.0,Linux_x86_64-gcc3
20120403211507,Firefox,12.0,Linux_x86_64-gcc3
20120328051619,Firefox,12.0,Linux_x86_64-gcc3
20120328051619,Firefox,12.0,Linux_x86_64-gcc3
20120321033733,Firefox,12.0,Linux_x86_64-gcc3
20120321033733,Firefox,12.0,Linux_x86_64-gcc3
20120314195616,Firefox,12.0,Linux_x86_64-gcc3
20120314195616,Firefox,12.0,Linux_x86_64-gcc3
20120310173008,Firefox,11.0,Linux_x86_64-gcc3
20120310173008,Firefox,11.0,Linux_x86_64-gcc3
20120308162450,Firefox,11.0,Linux_x86_64-gcc3
20120308162450,Firefox,11.0,Linux_x86_64-gcc3
20120305181207,Firefox,11.0,Linux_x86_64-gcc3
20120305181207,Firefox,11.0,Linux_x86_64-gcc3
20120228210006,Firefox,11.0,Linux_x86_64-gcc3
20120228210006,Firefox,11.0,Linux_x86_64-gcc3
20120222074758,Firefox,11.0,Linux_x86_64-gcc3
20120222074758,Firefox,11.0,Linux_x86_64-gcc3
20120215222917,Firefox,11.0,Linux_x86_64-gcc3
20120215222917,Firefox,11.0,Linux_x86_64-gcc3
20120208012847,Firefox,11.0,Linux_x86_64-gcc3
20120208012847,Firefox,11.0,Linux_x86_64-gcc3
20120201153158,Firefox,11.0,Linux_x86_64-gcc3
20120201153158,Firefox,11.0,Linux_x86_64-gcc3
20120123235200,Firefox,10.0,Linux_x86_64-gcc3
20120123235200,Firefox,10.0,Linux_x86_64-gcc3
20120118081945,Firefox,10.0,Linux_x86_64-gcc3
20120118081945,Firefox,10.0,Linux_x86_64-gcc3
20120111092507,Firefox,10.0,Linux_x86_64-gcc3
20120111092507,Firefox,10.0,Linux_x86_64-gcc3
20120104111456,Firefox,10.0,Linux_x86_64-gcc3
20120104111456,Firefox,10.0,Linux_x86_64-gcc3
20111228055358,Firefox,10.0,Linux_x86_64-gcc3
20111228055358,Firefox,10.0,Linux_x86_64-gcc3
20111221135037,Firefox,10.0,Linux_x86_64-gcc3
20111221135037,Firefox,10.0,Linux_x86_64-gcc3
20120528154913,Firefox,13.0,Darwin_x86_64-gcc3-u-i386-x86_64
20120523114940,Firefox,13.0,Darwin_x86_64-gcc3-u-i386-x86_64
20120523114940,Firefox,13.0,Darwin_x86_64-gcc3-u-i386-x86_64
20120516113045,Firefox,13.0,Darwin_x86_64-gcc3-u-i386-x86_64
20120516113045,Firefox,13.0,Darwin_x86_64-gcc3-u-i386-x86_64
20120508180640,Firefox,13.0,Darwin_x86_64-gcc3-u-i386-x86_64
20120508180640,Firefox,13.0,Darwin_x86_64-gcc3-u-i386-x86_64
20120501201020,Firefox,13.0,Darwin_x86_64-gcc3-u-i386-x86_64
20120501201020,Firefox,13.0,Darwin_x86_64-gcc3-u-i386-x86_64
20120425123149,Firefox,13.0,Darwin_x86_64-gcc3-u-i386-x86_64
20120425123149,Firefox,13.0,Darwin_x86_64-gcc3-u-i386-x86_64
20120417165043,Firefox,12.0,Darwin_x86_64-gcc3-u-i386-x86_64
20120417165043,Firefox,12.0,Darwin_x86_64-gcc3-u-i386-x86_64
20120411064248,Firefox,12.0,Darwin_x86_64-gcc3-u-i386-x86_64
20120411064248,Firefox,12.0,Darwin_x86_64-gcc3-u-i386-x86_64
20120403211507,Firefox,12.0,Darwin_x86_64-gcc3-u-i386-x86_64
20120403211507,Firefox,12.0,Darwin_x86_64-gcc3-u-i386-x86_64
20120328051619,Firefox,12.0,Darwin_x86_64-gcc3-u-i386-x86_64
20120328051619,Firefox,12.0,Darwin_x86_64-gcc3-u-i386-x86_64
20120321033733,Firefox,12.0,Darwin_x86_64-gcc3-u-i386-x86_64
20120321033733,Firefox,12.0,Darwin_x86_64-gcc3-u-i386-x86_64
20120314195616,Firefox,12.0,Darwin_x86_64-gcc3-u-i386-x86_64
20120314195616,Firefox,12.0,Darwin_x86_64-gcc3-u-i386-x86_64
20120310173008,Firefox,11.0,Darwin_x86_64-gcc3-u-i386-x86_64
20120310173008,Firefox,11.0,Darwin_x86_64-gcc3-u-i386-x86_64
20120308162450,Firefox,11.0,Darwin_x86_64-gcc3-u-i386-x86_64
20120308162450,Firefox,11.0,Darwin_x86_64-gcc3-u-i386-x86_64
20120305181207,Firefox,11.0,Darwin_x86_64-gcc3-u-i386-x86_64
20120305181207,Firefox,11.0,Darwin_x86_64-gcc3-u-i386-x86_64
20120228210006,Firefox,11.0,Darwin_x86_64-gcc3-u-i386-x86_64
20120228210006,Firefox,11.0,Darwin_x86_64-gcc3-u-i386-x86_64
20120222074758,Firefox,11.0,Darwin_x86_64-gcc3-u-i386-x86_64
20120222074758,Firefox,11.0,Darwin_x86_64-gcc3-u-i386-x86_64
20120215222917,Firefox,11.0,Darwin_x86_64-gcc3-u-i386-x86_64
20120215222917,Firefox,11.0,Darwin_x86_64-gcc3-u-i386-x86_64
20120208012847,Firefox,11.0,Darwin_x86_64-gcc3-u-i386-x86_64
20120208012847,Firefox,11.0,Darwin_x86_64-gcc3-u-i386-x86_64
20120201153158,Firefox,11.0,Darwin_x86_64-gcc3-u-i386-x86_64
20120201153158,Firefox,11.0,Darwin_x86_64-gcc3-u-i386-x86_64
20120123235200,Firefox,10.0,Darwin_x86_64-gcc3-u-i386-x86_64
20120123235200,Firefox,10.0,Darwin_x86_64-gcc3-u-i386-x86_64
20120118081945,Firefox,10.0,Darwin_x86_64-gcc3-u-i386-x86_64
20120118081945,Firefox,10.0,Darwin_x86_64-gcc3-u-i386-x86_64
20120111092507,Firefox,10.0,Darwin_x86_64-gcc3-u-i386-x86_64
20120111092507,Firefox,10.0,Darwin_x86_64-gcc3-u-i386-x86_64
20120104111456,Firefox,10.0,Darwin_x86_64-gcc3-u-i386-x86_64
20120104111456,Firefox,10.0,Darwin_x86_64-gcc3-u-i386-x86_64
20111228055358,Firefox,10.0,Darwin_x86_64-gcc3-u-i386-x86_64
20111228055358,Firefox,10.0,Darwin_x86_64-gcc3-u-i386-x86_64
20111221135037,Firefox,10.0,Darwin_x86_64-gcc3-u-i386-x86_64
20111221135037,Firefox,10.0,Darwin_x86_64-gcc3-u-i386-x86_64
20120528154913,Firefox,13.0,WINNT_x86-msvc
20120523114940,Firefox,13.0,WINNT_x86-msvc
20120523114940,Firefox,13.0,WINNT_x86-msvc
20120516113045,Firefox,13.0,WINNT_x86-msvc
20120516113045,Firefox,13.0,WINNT_x86-msvc
20120509070325,Firefox,13.0,WINNT_x86-msvc
20120509070325,Firefox,13.0,WINNT_x86-msvc
20120501201020,Firefox,13.0,WINNT_x86-msvc
20120501201020,Firefox,13.0,WINNT_x86-msvc
20120425123149,Firefox,13.0,WINNT_x86-msvc
20120425123149,Firefox,13.0,WINNT_x86-msvc
20120417165043,Firefox,12.0,WINNT_x86-msvc
20120417165043,Firefox,12.0,WINNT_x86-msvc
20120411064248,Firefox,12.0,WINNT_x86-msvc
20120411064248,Firefox,12.0,WINNT_x86-msvc
20120403211507,Firefox,12.0,WINNT_x86-msvc
20120403211507,Firefox,12.0,WINNT_x86-msvc
20120328051619,Firefox,12.0,WINNT_x86-msvc
20120328051619,Firefox,12.0,WINNT_x86-msvc
20120321033733,Firefox,12.0,WINNT_x86-msvc
20120321033733,Firefox,12.0,WINNT_x86-msvc
20120314195616,Firefox,12.0,WINNT_x86-msvc
20120314195616,Firefox,12.0,WINNT_x86-msvc
20120310173008,Firefox,11.0,WINNT_x86-msvc
20120310173008,Firefox,11.0,WINNT_x86-msvc
20120308162450,Firefox,11.0,WINNT_x86-msvc
20120308162450,Firefox,11.0,WINNT_x86-msvc
20120305181207,Firefox,11.0,WINNT_x86-msvc
20120305181207,Firefox,11.0,WINNT_x86-msvc
20120228210006,Firefox,11.0,WINNT_x86-msvc
20120228210006,Firefox,11.0,WINNT_x86-msvc
20120222074758,Firefox,11.0,WINNT_x86-msvc
20120222074758,Firefox,11.0,WINNT_x86-msvc
20120215222917,Firefox,11.0,WINNT_x86-msvc
20120215222917,Firefox,11.0,WINNT_x86-msvc
20120208012847,Firefox,11.0,WINNT_x86-msvc
20120208012847,Firefox,11.0,WINNT_x86-msvc
20120201153158,Firefox,11.0,WINNT_x86-msvc
20120201153158,Firefox,11.0,WINNT_x86-msvc
20120123235200,Firefox,10.0,WINNT_x86-msvc
20120123235200,Firefox,10.0,WINNT_x86-msvc
20120118081945,Firefox,10.0,WINNT_x86-msvc
20120118081945,Firefox,10.0,WINNT_x86-msvc
20120111092507,Firefox,10.0,WINNT_x86-msvc
20120111092507,Firefox,10.0,WINNT_x86-msvc
20120104111456,Firefox,10.0,WINNT_x86-msvc
20120104111456,Firefox,10.0,WINNT_x86-msvc
20111228055358,Firefox,10.0,WINNT_x86-msvc
20111228055358,Firefox,10.0,WINNT_x86-msvc
20111221135037,Firefox,10.0,WINNT_x86-msvc
20111221135037,Firefox,10.0,WINNT_x86-msvc
20120522170710,Thunderbird,13.0,Linux_x86-gcc3
20120512204115,Thunderbird,13.0,Linux_x86-gcc3
20120512204115,Thunderbird,13.0,Linux_x86-gcc3
20120425154050,Thunderbird,13.0,Linux_x86-gcc3
20120425154050,Thunderbird,13.0,Linux_x86-gcc3
20120418104342,Thunderbird,12.0,Linux_x86-gcc3
20120418104342,Thunderbird,12.0,Linux_x86-gcc3
20120410130036,Thunderbird,12.0,Linux_x86-gcc3
20120410130036,Thunderbird,12.0,Linux_x86-gcc3
20120404110236,Thunderbird,12.0,Linux_x86-gcc3
20120404110236,Thunderbird,12.0,Linux_x86-gcc3
20120321081259,Thunderbird,12.0,Linux_x86-gcc3
20120321081259,Thunderbird,12.0,Linux_x86-gcc3
20120314111933,Thunderbird,12.0,Linux_x86-gcc3
20120314111933,Thunderbird,12.0,Linux_x86-gcc3
20120308111233,Thunderbird,11.0,Linux_x86-gcc3
20120308111233,Thunderbird,11.0,Linux_x86-gcc3
20120229105107,Thunderbird,11.0,Linux_x86-gcc3
20120229105107,Thunderbird,11.0,Linux_x86-gcc3
20120222051405,Thunderbird,11.0,Linux_x86-gcc3
20120222051405,Thunderbird,11.0,Linux_x86-gcc3
20120216073014,Thunderbird,11.0,Linux_x86-gcc3
20120216073014,Thunderbird,11.0,Linux_x86-gcc3
20120202051244,Thunderbird,11.0,Linux_x86-gcc3
20120202051244,Thunderbird,11.0,Linux_x86-gcc3
20120124170739,Thunderbird,10.0,Linux_x86-gcc3
20120124170739,Thunderbird,10.0,Linux_x86-gcc3
20120118013521,Thunderbird,10.0,Linux_x86-gcc3
20120118013521,Thunderbird,10.0,Linux_x86-gcc3
20120111134235,Thunderbird,10.0,Linux_x86-gcc3
20120111134235,Thunderbird,10.0,Linux_x86-gcc3
20120106015314,Thunderbird,10.0,Linux_x86-gcc3
20120106015314,Thunderbird,10.0,Linux_x86-gcc3
20111222101820,Thunderbird,10.0,Linux_x86-gcc3
20111222101820,Thunderbird,10.0,Linux_x86-gcc3
20111214171225,Thunderbird,9.0,Linux_x86-gcc3
20111214171225,Thunderbird,9.0,Linux_x86-gcc3
20111208092011,Thunderbird,9.0,Linux_x86-gcc3
20111208092011,Thunderbird,9.0,Linux_x86-gcc3
20111130015357,Thunderbird,9.0,Linux_x86-gcc3
20111130015357,Thunderbird,9.0,Linux_x86-gcc3
20111123034606,Thunderbird,9.0,Linux_x86-gcc3
20111123034606,Thunderbird,9.0,Linux_x86-gcc3
20111115113922,Thunderbird,9.0,Linux_x86-gcc3
20111115113922,Thunderbird,9.0,Linux_x86-gcc3
20111103015922,Thunderbird,8.0,Linux_x86-gcc3
20111103015922,Thunderbird,8.0,Linux_x86-gcc3
20111101132845,Thunderbird,8.0,Linux_x86-gcc3
20111101132845,Thunderbird,8.0,Linux_x86-gcc3
20111019023834,Thunderbird,8.0,Linux_x86-gcc3
20111019023834,Thunderbird,8.0,Linux_x86-gcc3
20111012113235,Thunderbird,8.0,Linux_x86-gcc3
20111012113235,Thunderbird,8.0,Linux_x86-gcc3
20110929143517,Thunderbird,8.0,Linux_x86-gcc3
20110929143517,Thunderbird,8.0,Linux_x86-gcc3
20110916152645,Thunderbird,7.0,Linux_x86-gcc3
20110916152645,Thunderbird,7.0,Linux_x86-gcc3
20110905032348,Thunderbird,7.0,Linux_x86-gcc3
20110905032348,Thunderbird,7.0,Linux_x86-gcc3
20110817164900,Thunderbird,7.0,Linux_x86-gcc3
20110817164900,Thunderbird,7.0,Linux_x86-gcc3
20110729033123,Thunderbird,6.0,Linux_x86-gcc3
20110729033123,Thunderbird,6.0,Linux_x86-gcc3
20110714224206,Thunderbird,6.0,Linux_x86-gcc3
20110714224206,Thunderbird,6.0,Linux_x86-gcc3
20110624132812,Thunderbird,5.0,Linux_x86-gcc3
20110624132812,Thunderbird,5.0,Linux_x86-gcc3
20110528060900,Thunderbird,5.0b1,Linux_x86-gcc3
20110528060900,Thunderbird,5.0b1,Linux_x86-gcc3
20120522170710,Thunderbird,13.0,Linux_x86_64-gcc3
20120512223958,Thunderbird,13.0,Linux_x86_64-gcc3
20120512223958,Thunderbird,13.0,Linux_x86_64-gcc3
20120425154039,Thunderbird,13.0,Linux_x86_64-gcc3
20120425154039,Thunderbird,13.0,Linux_x86_64-gcc3
20120418110833,Thunderbird,12.0,Linux_x86_64-gcc3
20120418110833,Thunderbird,12.0,Linux_x86_64-gcc3
20120410130832,Thunderbird,12.0,Linux_x86_64-gcc3
20120410130832,Thunderbird,12.0,Linux_x86_64-gcc3
20120404111631,Thunderbird,12.0,Linux_x86_64-gcc3
20120404111631,Thunderbird,12.0,Linux_x86_64-gcc3
20120321081250,Thunderbird,12.0,Linux_x86_64-gcc3
20120321081250,Thunderbird,12.0,Linux_x86_64-gcc3
20120314111932,Thunderbird,12.0,Linux_x86_64-gcc3
20120314111932,Thunderbird,12.0,Linux_x86_64-gcc3
20120308111229,Thunderbird,11.0,Linux_x86_64-gcc3
20120308111229,Thunderbird,11.0,Linux_x86_64-gcc3
20120229105107,Thunderbird,11.0,Linux_x86_64-gcc3
20120229105107,Thunderbird,11.0,Linux_x86_64-gcc3
20120222052851,Thunderbird,11.0,Linux_x86_64-gcc3
20120222052851,Thunderbird,11.0,Linux_x86_64-gcc3
20120216073008,Thunderbird,11.0,Linux_x86_64-gcc3
20120216073008,Thunderbird,11.0,Linux_x86_64-gcc3
20120202050631,Thunderbird,11.0,Linux_x86_64-gcc3
20120202050631,Thunderbird,11.0,Linux_x86_64-gcc3
20120124165429,Thunderbird,10.0,Linux_x86_64-gcc3
20120124165429,Thunderbird,10.0,Linux_x86_64-gcc3
20120118013520,Thunderbird,10.0,Linux_x86_64-gcc3
20120118013520,Thunderbird,10.0,Linux_x86_64-gcc3
20120111135228,Thunderbird,10.0,Linux_x86_64-gcc3
20120111135228,Thunderbird,10.0,Linux_x86_64-gcc3
20120106015305,Thunderbird,10.0,Linux_x86_64-gcc3
20120106015305,Thunderbird,10.0,Linux_x86_64-gcc3
20111222103542,Thunderbird,10.0,Linux_x86_64-gcc3
20111222103542,Thunderbird,10.0,Linux_x86_64-gcc3
20111214172251,Thunderbird,9.0,Linux_x86_64-gcc3
20111214172251,Thunderbird,9.0,Linux_x86_64-gcc3
20111208092202,Thunderbird,9.0,Linux_x86_64-gcc3
20111208092202,Thunderbird,9.0,Linux_x86_64-gcc3
20111130015354,Thunderbird,9.0,Linux_x86_64-gcc3
20111130015354,Thunderbird,9.0,Linux_x86_64-gcc3
20111123040020,Thunderbird,9.0,Linux_x86_64-gcc3
20111123040020,Thunderbird,9.0,Linux_x86_64-gcc3
20111115115158,Thunderbird,9.0,Linux_x86_64-gcc3
20111115115158,Thunderbird,9.0,Linux_x86_64-gcc3
20111103022825,Thunderbird,8.0,Linux_x86_64-gcc3
20111103022825,Thunderbird,8.0,Linux_x86_64-gcc3
20111101134047,Thunderbird,8.0,Linux_x86_64-gcc3
20111101134047,Thunderbird,8.0,Linux_x86_64-gcc3
20111019023627,Thunderbird,8.0,Linux_x86_64-gcc3
20111019023627,Thunderbird,8.0,Linux_x86_64-gcc3
20111012111247,Thunderbird,8.0,Linux_x86_64-gcc3
20111012111247,Thunderbird,8.0,Linux_x86_64-gcc3
20110929143617,Thunderbird,8.0,Linux_x86_64-gcc3
20110929143617,Thunderbird,8.0,Linux_x86_64-gcc3
20110916153305,Thunderbird,7.0,Linux_x86_64-gcc3
20110916153305,Thunderbird,7.0,Linux_x86_64-gcc3
20110905032409,Thunderbird,7.0,Linux_x86_64-gcc3
20110905032409,Thunderbird,7.0,Linux_x86_64-gcc3
20110817165514,Thunderbird,7.0,Linux_x86_64-gcc3
20110817165514,Thunderbird,7.0,Linux_x86_64-gcc3
20110729033126,Thunderbird,6.0,Linux_x86_64-gcc3
20110729033126,Thunderbird,6.0,Linux_x86_64-gcc3
20110714224204,Thunderbird,6.0,Linux_x86_64-gcc3
20110714224204,Thunderbird,6.0,Linux_x86_64-gcc3
20110624125212,Thunderbird,5.0,Linux_x86_64-gcc3
20110624125212,Thunderbird,5.0,Linux_x86_64-gcc3
20110528061946,Thunderbird,5.0b1,Linux_x86_64-gcc3
20110528061946,Thunderbird,5.0b1,Linux_x86_64-gcc3
20120522170710,Thunderbird,13.0,Darwin_x86_64-gcc3-u-i386-x86_64
20120512204231,Thunderbird,13.0,Darwin_x86_64-gcc3-u-i386-x86_64
20120512204231,Thunderbird,13.0,Darwin_x86_64-gcc3-u-i386-x86_64
20120425154248,Thunderbird,13.0,Darwin_x86_64-gcc3-u-i386-x86_64
20120425154248,Thunderbird,13.0,Darwin_x86_64-gcc3-u-i386-x86_64
20120418104529,Thunderbird,12.0,Darwin_x86_64-gcc3-u-i386-x86_64
20120418104529,Thunderbird,12.0,Darwin_x86_64-gcc3-u-i386-x86_64
20120410125551,Thunderbird,12.0,Darwin_x86_64-gcc3-u-i386-x86_64
20120410125551,Thunderbird,12.0,Darwin_x86_64-gcc3-u-i386-x86_64
20120404122009,Thunderbird,12.0,Darwin_x86_64-gcc3-u-i386-x86_64
20120404122009,Thunderbird,12.0,Darwin_x86_64-gcc3-u-i386-x86_64
20120321081424,Thunderbird,12.0,Darwin_x86_64-gcc3-u-i386-x86_64
20120321081424,Thunderbird,12.0,Darwin_x86_64-gcc3-u-i386-x86_64
20120314111932,Thunderbird,12.0,Darwin_x86_64-gcc3-u-i386-x86_64
20120314111932,Thunderbird,12.0,Darwin_x86_64-gcc3-u-i386-x86_64
20120308111121,Thunderbird,11.0,Darwin_x86_64-gcc3-u-i386-x86_64
20120308111121,Thunderbird,11.0,Darwin_x86_64-gcc3-u-i386-x86_64
20120229105105,Thunderbird,11.0,Darwin_x86_64-gcc3-u-i386-x86_64
20120229105105,Thunderbird,11.0,Darwin_x86_64-gcc3-u-i386-x86_64
20120222051625,Thunderbird,11.0,Darwin_x86_64-gcc3-u-i386-x86_64
20120222051625,Thunderbird,11.0,Darwin_x86_64-gcc3-u-i386-x86_64
20120216073125,Thunderbird,11.0,Darwin_x86_64-gcc3-u-i386-x86_64
20120216073125,Thunderbird,11.0,Darwin_x86_64-gcc3-u-i386-x86_64
20120202050544,Thunderbird,11.0,Darwin_x86_64-gcc3-u-i386-x86_64
20120202050544,Thunderbird,11.0,Darwin_x86_64-gcc3-u-i386-x86_64
20120124160805,Thunderbird,10.0,Darwin_x86_64-gcc3-u-i386-x86_64
20120124160805,Thunderbird,10.0,Darwin_x86_64-gcc3-u-i386-x86_64
20120118013525,Thunderbird,10.0,Darwin_x86_64-gcc3-u-i386-x86_64
20120118013525,Thunderbird,10.0,Darwin_x86_64-gcc3-u-i386-x86_64
20120111131636,Thunderbird,10.0,Darwin_x86_64-gcc3-u-i386-x86_64
20120111131636,Thunderbird,10.0,Darwin_x86_64-gcc3-u-i386-x86_64
20120106015653,Thunderbird,10.0,Darwin_x86_64-gcc3-u-i386-x86_64
20120106015653,Thunderbird,10.0,Darwin_x86_64-gcc3-u-i386-x86_64
20111222104446,Thunderbird,10.0,Darwin_x86_64-gcc3-u-i386-x86_64
20111222104446,Thunderbird,10.0,Darwin_x86_64-gcc3-u-i386-x86_64
20111214172112,Thunderbird,9.0,Darwin_x86_64-gcc3-u-i386-x86_64
20111214172112,Thunderbird,9.0,Darwin_x86_64-gcc3-u-i386-x86_64
20111208091348,Thunderbird,9.0,Darwin_x86_64-gcc3-u-i386-x86_64
20111208091348,Thunderbird,9.0,Darwin_x86_64-gcc3-u-i386-x86_64
20111130024153,Thunderbird,9.0,Darwin_x86_64-gcc3-u-i386-x86_64
20111130024153,Thunderbird,9.0,Darwin_x86_64-gcc3-u-i386-x86_64
20111123041238,Thunderbird,9.0,Darwin_x86_64-gcc3-u-i386-x86_64
20111123041238,Thunderbird,9.0,Darwin_x86_64-gcc3-u-i386-x86_64
20111115113958,Thunderbird,9.0,Darwin_x86_64-gcc3-u-i386-x86_64
20111115113958,Thunderbird,9.0,Darwin_x86_64-gcc3-u-i386-x86_64
20111103021906,Thunderbird,8.0,Darwin_x86_64-gcc3-u-i386-x86_64
20111103021906,Thunderbird,8.0,Darwin_x86_64-gcc3-u-i386-x86_64
20111101141103,Thunderbird,8.0,Darwin_x86_64-gcc3-u-i386-x86_64
20111101141103,Thunderbird,8.0,Darwin_x86_64-gcc3-u-i386-x86_64
20111019025126,Thunderbird,8.0,Darwin_x86_64-gcc3-u-i386-x86_64
20111019025126,Thunderbird,8.0,Darwin_x86_64-gcc3-u-i386-x86_64
20111012111059,Thunderbird,8.0,Darwin_x86_64-gcc3-u-i386-x86_64
20111012111059,Thunderbird,8.0,Darwin_x86_64-gcc3-u-i386-x86_64
20110929150756,Thunderbird,8.0,Darwin_x86_64-gcc3-u-i386-x86_64
20110929150756,Thunderbird,8.0,Darwin_x86_64-gcc3-u-i386-x86_64
20110916155710,Thunderbird,7.0,Darwin_x86_64-gcc3-u-i386-x86_64
20110916155710,Thunderbird,7.0,Darwin_x86_64-gcc3-u-i386-x86_64
20110905032620,Thunderbird,7.0,Darwin_x86_64-gcc3-u-i386-x86_64
20110905032620,Thunderbird,7.0,Darwin_x86_64-gcc3-u-i386-x86_64
20110818091706,Thunderbird,7.0,Darwin_x86_64-gcc3-u-i386-x86_64
20110818091706,Thunderbird,7.0,Darwin_x86_64-gcc3-u-i386-x86_64
20110729033117,Thunderbird,6.0,Darwin_x86_64-gcc3-u-i386-x86_64
20110729033117,Thunderbird,6.0,Darwin_x86_64-gcc3-u-i386-x86_64
20110715002452,Thunderbird,6.0,Darwin_x86_64-gcc3-u-i386-x86_64
20110715002452,Thunderbird,6.0,Darwin_x86_64-gcc3-u-i386-x86_64
20110624154109,Thunderbird,5.0,Darwin_x86_64-gcc3-u-i386-x86_64
20110624154109,Thunderbird,5.0,Darwin_x86_64-gcc3-u-i386-x86_64
20110528090207,Thunderbird,5.0b1,Darwin_x86_64-gcc3-u-i386-x86_64
20110528090207,Thunderbird,5.0b1,Darwin_x86_64-gcc3-u-i386-x86_64
20120522170710,Thunderbird,13.0,WINNT_x86-msvc
20120512205549,Thunderbird,13.0,WINNT_x86-msvc
20120512205549,Thunderbird,13.0,WINNT_x86-msvc
20120425154040,Thunderbird,13.0,WINNT_x86-msvc
20120425154040,Thunderbird,13.0,WINNT_x86-msvc
20120418104341,Thunderbird,12.0,WINNT_x86-msvc
20120418104341,Thunderbird,12.0,WINNT_x86-msvc
20120410125251,Thunderbird,12.0,WINNT_x86-msvc
20120410125251,Thunderbird,12.0,WINNT_x86-msvc
20120404110230,Thunderbird,12.0,WINNT_x86-msvc
20120404110230,Thunderbird,12.0,WINNT_x86-msvc
20120321081626,Thunderbird,12.0,WINNT_x86-msvc
20120321081626,Thunderbird,12.0,WINNT_x86-msvc
20120314111935,Thunderbird,12.0,WINNT_x86-msvc
20120314111935,Thunderbird,12.0,WINNT_x86-msvc
20120308111252,Thunderbird,11.0,WINNT_x86-msvc
20120308111252,Thunderbird,11.0,WINNT_x86-msvc
20120229105156,Thunderbird,11.0,WINNT_x86-msvc
20120229105156,Thunderbird,11.0,WINNT_x86-msvc
20120222051441,Thunderbird,11.0,WINNT_x86-msvc
20120222051441,Thunderbird,11.0,WINNT_x86-msvc
20120216073006,Thunderbird,11.0,WINNT_x86-msvc
20120216073006,Thunderbird,11.0,WINNT_x86-msvc
20120202050711,Thunderbird,11.0,WINNT_x86-msvc
20120202050711,Thunderbird,11.0,WINNT_x86-msvc
20120124172840,Thunderbird,10.0,WINNT_x86-msvc
20120124172840,Thunderbird,10.0,WINNT_x86-msvc
20120118013626,Thunderbird,10.0,WINNT_x86-msvc
20120118013626,Thunderbird,10.0,WINNT_x86-msvc
20120111125154,Thunderbird,10.0,WINNT_x86-msvc
20120111125154,Thunderbird,10.0,WINNT_x86-msvc
20120106015325,Thunderbird,10.0,WINNT_x86-msvc
20120106015325,Thunderbird,10.0,WINNT_x86-msvc
20111222101826,Thunderbird,10.0,WINNT_x86-msvc
20111222101826,Thunderbird,10.0,WINNT_x86-msvc
20111214171227,Thunderbird,9.0,WINNT_x86-msvc
20111214171227,Thunderbird,9.0,WINNT_x86-msvc
20111208092709,Thunderbird,9.0,WINNT_x86-msvc
20111208092709,Thunderbird,9.0,WINNT_x86-msvc
20111130015651,Thunderbird,9.0,WINNT_x86-msvc
20111130015651,Thunderbird,9.0,WINNT_x86-msvc
20111123034626,Thunderbird,9.0,WINNT_x86-msvc
20111123034626,Thunderbird,9.0,WINNT_x86-msvc
20111115113957,Thunderbird,9.0,WINNT_x86-msvc
20111115113957,Thunderbird,9.0,WINNT_x86-msvc
20111103015904,Thunderbird,8.0,WINNT_x86-msvc
20111103015904,Thunderbird,8.0,WINNT_x86-msvc
20111101132304,Thunderbird,8.0,WINNT_x86-msvc
20111101132304,Thunderbird,8.0,WINNT_x86-msvc
20111019101808,Thunderbird,8.0,WINNT_x86-msvc
20111019101808,Thunderbird,8.0,WINNT_x86-msvc
20111012111112,Thunderbird,8.0,WINNT_x86-msvc
20111012111112,Thunderbird,8.0,WINNT_x86-msvc
20110929143713,Thunderbird,8.0,WINNT_x86-msvc
20110929143713,Thunderbird,8.0,WINNT_x86-msvc
20110916182117,Thunderbird,7.0,WINNT_x86-msvc
20110916182117,Thunderbird,7.0,WINNT_x86-msvc
20110905054011,Thunderbird,7.0,WINNT_x86-msvc
20110905054011,Thunderbird,7.0,WINNT_x86-msvc
20110817164855,Thunderbird,7.0,WINNT_x86-msvc
20110817164855,Thunderbird,7.0,WINNT_x86-msvc
20110729043928,Thunderbird,6.0,WINNT_x86-msvc
20110729043928,Thunderbird,6.0,WINNT_x86-msvc
20110714224222,Thunderbird,6.0,WINNT_x86-msvc
20110714224222,Thunderbird,6.0,WINNT_x86-msvc
20110624125636,Thunderbird,5.0,WINNT_x86-msvc
20110624125636,Thunderbird,5.0,WINNT_x86-msvc
20110528060921,Thunderbird,5.0b1,WINNT_x86-msvc
20110528060921,Thunderbird,5.0b1,WINNT_x86-msvc
20120420145309,Firefox,10.0.4,Linux_x86-gcc3
20120309135702,Firefox,10.0.3,Linux_x86-gcc3
20120309135702,Firefox,10.0.3,Linux_x86-gcc3
20120216092139,Firefox,10.0.2,Linux_x86-gcc3
20120216092139,Firefox,10.0.2,Linux_x86-gcc3
20120208062825,Firefox,10.0.1,Linux_x86-gcc3
20120208062825,Firefox,10.0.1,Linux_x86-gcc3
20120130064731,Firefox,10.0,Linux_x86-gcc3
20120130064731,Firefox,10.0,Linux_x86-gcc3
20120420145309,Firefox,10.0.4,Linux_x86_64-gcc3
20120309135702,Firefox,10.0.3,Linux_x86_64-gcc3
20120309135702,Firefox,10.0.3,Linux_x86_64-gcc3
20120216092139,Firefox,10.0.2,Linux_x86_64-gcc3
20120216092139,Firefox,10.0.2,Linux_x86_64-gcc3
20120208062825,Firefox,10.0.1,Linux_x86_64-gcc3
20120208062825,Firefox,10.0.1,Linux_x86_64-gcc3
20120130064731,Firefox,10.0,Linux_x86_64-gcc3
20120130064731,Firefox,10.0,Linux_x86_64-gcc3
20120420145309,Firefox,10.0.4,Darwin_x86_64-gcc3-u-i386-x86_64
20120309135702,Firefox,10.0.3,Darwin_x86_64-gcc3-u-i386-x86_64
20120309135702,Firefox,10.0.3,Darwin_x86_64-gcc3-u-i386-x86_64
20120216092139,Firefox,10.0.2,Darwin_x86_64-gcc3-u-i386-x86_64
20120216092139,Firefox,10.0.2,Darwin_x86_64-gcc3-u-i386-x86_64
20120208062825,Firefox,10.0.1,Darwin_x86_64-gcc3-u-i386-x86_64
20120208062825,Firefox,10.0.1,Darwin_x86_64-gcc3-u-i386-x86_64
20120130064731,Firefox,10.0,Darwin_x86_64-gcc3-u-i386-x86_64
20120130064731,Firefox,10.0,Darwin_x86_64-gcc3-u-i386-x86_64
20120420145309,Firefox,10.0.4,WINNT_x86-msvc
20120309135702,Firefox,10.0.3,WINNT_x86-msvc
20120309135702,Firefox,10.0.3,WINNT_x86-msvc
20120216092139,Firefox,10.0.2,WINNT_x86-msvc
20120216092139,Firefox,10.0.2,WINNT_x86-msvc
20120208062825,Firefox,10.0.1,WINNT_x86-msvc
20120208062825,Firefox,10.0.1,WINNT_x86-msvc
20120130064731,Firefox,10.0,WINNT_x86-msvc
20120130064731,Firefox,10.0,WINNT_x86-msvc
20120421212728,Thunderbird,10.0.4,Linux_x86-gcc3
20120306074422,Thunderbird,10.0.3,Linux_x86-gcc3
20120306074422,Thunderbird,10.0.3,Linux_x86-gcc3
20120216104921,Thunderbird,10.0.2,Linux_x86-gcc3
20120216104921,Thunderbird,10.0.2,Linux_x86-gcc3
20120208150119,Thunderbird,10.0.1,Linux_x86-gcc3
20120208150119,Thunderbird,10.0.1,Linux_x86-gcc3
20120130143426,Thunderbird,10.0,Linux_x86-gcc3
20120130143426,Thunderbird,10.0,Linux_x86-gcc3
20120421074404,Thunderbird,10.0.4,Linux_x86_64-gcc3
20120306074513,Thunderbird,10.0.3,Linux_x86_64-gcc3
20120306074513,Thunderbird,10.0.3,Linux_x86_64-gcc3
20120216104904,Thunderbird,10.0.2,Linux_x86_64-gcc3
20120216104904,Thunderbird,10.0.2,Linux_x86_64-gcc3
20120208153527,Thunderbird,10.0.1,Linux_x86_64-gcc3
20120208153527,Thunderbird,10.0.1,Linux_x86_64-gcc3
20120130143426,Thunderbird,10.0,Linux_x86_64-gcc3
20120130143426,Thunderbird,10.0,Linux_x86_64-gcc3
20120421074459,Thunderbird,10.0.4,Darwin_x86_64-gcc3-u-i386-x86_64
20120306075043,Thunderbird,10.0.3,Darwin_x86_64-gcc3-u-i386-x86_64
20120306075043,Thunderbird,10.0.3,Darwin_x86_64-gcc3-u-i386-x86_64
20120216104911,Thunderbird,10.0.2,Darwin_x86_64-gcc3-u-i386-x86_64
20120216104911,Thunderbird,10.0.2,Darwin_x86_64-gcc3-u-i386-x86_64
20120208151306,Thunderbird,10.0.1,Darwin_x86_64-gcc3-u-i386-x86_64
20120208151306,Thunderbird,10.0.1,Darwin_x86_64-gcc3-u-i386-x86_64
20120130143420,Thunderbird,10.0,Darwin_x86_64-gcc3-u-i386-x86_64
20120130143420,Thunderbird,10.0,Darwin_x86_64-gcc3-u-i386-x86_64
20120421074530,Thunderbird,10.0.4,WINNT_x86-msvc
20120306074639,Thunderbird,10.0.3,WINNT_x86-msvc
20120306074639,Thunderbird,10.0.3,WINNT_x86-msvc
20120216104914,Thunderbird,10.0.2,WINNT_x86-msvc
20120216104914,Thunderbird,10.0.2,WINNT_x86-msvc
20120208161258,Thunderbird,10.0.1,WINNT_x86-msvc
20120208161258,Thunderbird,10.0.1,WINNT_x86-msvc
20120130143719,Thunderbird,10.0,WINNT_x86-msvc
20120130143719,Thunderbird,10.0,WINNT_x86-msvc
20120420145725,Firefox,12.0,Linux_x86-gcc3
20120312181643,Firefox,11.0,Linux_x86-gcc3
20120312181643,Firefox,11.0,Linux_x86-gcc3
20120215223356,Firefox,10.0.2,Linux_x86-gcc3
20120215223356,Firefox,10.0.2,Linux_x86-gcc3
20120208060813,Firefox,10.0.1,Linux_x86-gcc3
20120208060813,Firefox,10.0.1,Linux_x86-gcc3
20120129021758,Firefox,10.0,Linux_x86-gcc3
20120129021758,Firefox,10.0,Linux_x86-gcc3
20111220165912,Firefox,9.0.1,Linux_x86-gcc3
20111216140209,Firefox,9.0,Linux_x86-gcc3
20111120135848,Firefox,8.0.1,Linux_x86-gcc3
20111104165243,Firefox,8.0,Linux_x86-gcc3
20110928134238,Firefox,7.0.1,Linux_x86-gcc3
20110922153450,Firefox,7.0,Linux_x86-gcc3
20110902133214,Firefox,6.0.2,Linux_x86-gcc3
20110830092941,Firefox,6.0.1,Linux_x86-gcc3
20110811165603,Firefox,6.0,Linux_x86-gcc3
20110707182747,Firefox,5.0.1,Linux_x86-gcc3
20110615151330,Firefox,5.0,Linux_x86-gcc3
20110413222027,Firefox,4.0.1,Linux_x86-gcc3
20110318052756,Firefox,4.0,Linux_x86-gcc3
20110303140816,Firefox,4.0,Linux_x86-gcc3
20120420145725,Firefox,12.0,Linux_x86_64-gcc3
20120312181643,Firefox,11.0,Linux_x86_64-gcc3
20120312181643,Firefox,11.0,Linux_x86_64-gcc3
20120215223356,Firefox,10.0.2,Linux_x86_64-gcc3
20120215223356,Firefox,10.0.2,Linux_x86_64-gcc3
20120208060813,Firefox,10.0.1,Linux_x86_64-gcc3
20120208060813,Firefox,10.0.1,Linux_x86_64-gcc3
20120129021758,Firefox,10.0,Linux_x86_64-gcc3
20120129021758,Firefox,10.0,Linux_x86_64-gcc3
20111220165912,Firefox,9.0.1,Linux_x86_64-gcc3
20111216140209,Firefox,9.0,Linux_x86_64-gcc3
20111120135848,Firefox,8.0.1,Linux_x86_64-gcc3
20111104165243,Firefox,8.0,Linux_x86_64-gcc3
20110928134238,Firefox,7.0.1,Linux_x86_64-gcc3
20110922153450,Firefox,7.0,Linux_x86_64-gcc3
20110902133214,Firefox,6.0.2,Linux_x86_64-gcc3
20110830092941,Firefox,6.0.1,Linux_x86_64-gcc3
20110811165603,Firefox,6.0,Linux_x86_64-gcc3
20110707182747,Firefox,5.0.1,Linux_x86_64-gcc3
20110615151330,Firefox,5.0,Linux_x86_64-gcc3
20110413222027,Firefox,4.0.1,Linux_x86_64-gcc3
20110318052756,Firefox,4.0,Linux_x86_64-gcc3
20110303144013,Firefox,4.0,Linux_x86_64-gcc3
20120420145725,Firefox,12.0,Darwin_x86_64-gcc3-u-i386-x86_64
20120312181643,Firefox,11.0,Darwin_x86_64-gcc3-u-i386-x86_64
20120312181643,Firefox,11.0,Darwin_x86_64-gcc3-u-i386-x86_64
20120215223356,Firefox,10.0.2,Darwin_x86_64-gcc3-u-i386-x86_64
20120215223356,Firefox,10.0.2,Darwin_x86_64-gcc3-u-i386-x86_64
20120208060813,Firefox,10.0.1,Darwin_x86_64-gcc3-u-i386-x86_64
20120208060813,Firefox,10.0.1,Darwin_x86_64-gcc3-u-i386-x86_64
20120129021758,Firefox,10.0,Darwin_x86_64-gcc3-u-i386-x86_64
20120129021758,Firefox,10.0,Darwin_x86_64-gcc3-u-i386-x86_64
20111220165912,Firefox,9.0.1,Darwin_x86_64-gcc3-u-i386-x86_64
20111216140209,Firefox,9.0,Darwin_x86_64-gcc3-u-i386-x86_64
20111120135848,Firefox,8.0.1,Darwin_x86_64-gcc3-u-i386-x86_64
20111104165243,Firefox,8.0,Darwin_x86_64-gcc3-u-i386-x86_64
20110928134238,Firefox,7.0.1,Darwin_x86_64-gcc3-u-i386-x86_64
20110922153450,Firefox,7.0,Darwin_x86_64-gcc3-u-i386-x86_64
20110902133214,Firefox,6.0.2,Darwin_x86_64-gcc3-u-i386-x86_64
20110830092941,Firefox,6.0.1,Darwin_x86_64-gcc3-u-i386-x86_64
20110811165603,Firefox,6.0,Darwin_x86_64-gcc3-u-i386-x86_64
20110707182747,Firefox,5.0.1,Darwin_x86_64-gcc3-u-i386-x86_64
20110615151330,Firefox,5.0,Darwin_x86_64-gcc3-u-i386-x86_64
20110413222027,Firefox,4.0.1,Darwin_x86_64-gcc3-u-i386-x86_64
20110318052756,Firefox,4.0,Darwin_x86_64-gcc3-u-i386-x86_64
20110303140758,Firefox,4.0,Darwin_x86_64-gcc3-u-i386-x86_64
20120420145725,Firefox,12.0,WINNT_x86-msvc
20120312181643,Firefox,11.0,WINNT_x86-msvc
20120312181643,Firefox,11.0,WINNT_x86-msvc
20120215223356,Firefox,10.0.2,WINNT_x86-msvc
20120215223356,Firefox,10.0.2,WINNT_x86-msvc
20120208060813,Firefox,10.0.1,WINNT_x86-msvc
20120208060813,Firefox,10.0.1,WINNT_x86-msvc
20120129021758,Firefox,10.0,WINNT_x86-msvc
20120129021758,Firefox,10.0,WINNT_x86-msvc
20111220165912,Firefox,9.0.1,WINNT_x86-msvc
20111216140209,Firefox,9.0,WINNT_x86-msvc
20111120135848,Firefox,8.0.1,WINNT_x86-msvc
20111104165243,Firefox,8.0,WINNT_x86-msvc
20110928134238,Firefox,7.0.1,WINNT_x86-msvc
20110922153450,Firefox,7.0,WINNT_x86-msvc
20110902133214,Firefox,6.0.2,WINNT_x86-msvc
20110830092941,Firefox,6.0.1,WINNT_x86-msvc
20110811165603,Firefox,6.0,WINNT_x86-msvc
20110707182747,Firefox,5.0.1,WINNT_x86-msvc
20110615151330,Firefox,5.0,WINNT_x86-msvc
20110413222027,Firefox,4.0.1,WINNT_x86-msvc
20110318052756,Firefox,4.0,WINNT_x86-msvc
20110303194838,Firefox,4.0,WINNT_x86-msvc
20120420153403,Thunderbird,12.0,Linux_x86-gcc3
20120327115527,Thunderbird,11.0.1,Linux_x86-gcc3
20120327115527,Thunderbird,11.0.1,Linux_x86-gcc3
20120312195326,Thunderbird,11.0,Linux_x86-gcc3
20120312195326,Thunderbird,11.0,Linux_x86-gcc3
20120216022139,Thunderbird,10.0.2,Linux_x86-gcc3
20120216022139,Thunderbird,10.0.2,Linux_x86-gcc3
20120208125353,Thunderbird,10.0.1,Linux_x86-gcc3
20120208125353,Thunderbird,10.0.1,Linux_x86-gcc3
20120129064000,Thunderbird,10.0,Linux_x86-gcc3
20120129064000,Thunderbird,10.0,Linux_x86-gcc3
20111222141531,Thunderbird,9.0.1,Linux_x86-gcc3
20111220055211,Thunderbird,9.0,Linux_x86-gcc3
20111105021619,Thunderbird,8.0,Linux_x86-gcc3
20110929042316,Thunderbird,7.0.1,Linux_x86-gcc3
20110922212718,Thunderbird,7.0,Linux_x86-gcc3
20110902163914,Thunderbird,6.0.2,Linux_x86-gcc3
20110830111301,Thunderbird,6.0.1,Linux_x86-gcc3
20110812055110,Thunderbird,6.0,Linux_x86-gcc3
20110624132812,Thunderbird,5.0,Linux_x86-gcc3
20120420153206,Thunderbird,12.0,Linux_x86_64-gcc3
20120327115517,Thunderbird,11.0.1,Linux_x86_64-gcc3
20120327115517,Thunderbird,11.0.1,Linux_x86_64-gcc3
20120312195635,Thunderbird,11.0,Linux_x86_64-gcc3
20120312195635,Thunderbird,11.0,Linux_x86_64-gcc3
20120216022132,Thunderbird,10.0.2,Linux_x86_64-gcc3
20120216022132,Thunderbird,10.0.2,Linux_x86_64-gcc3
20120208124956,Thunderbird,10.0.1,Linux_x86_64-gcc3
20120208124956,Thunderbird,10.0.1,Linux_x86_64-gcc3
20120129064012,Thunderbird,10.0,Linux_x86_64-gcc3
20120129064012,Thunderbird,10.0,Linux_x86_64-gcc3
20111222141527,Thunderbird,9.0.1,Linux_x86_64-gcc3
20111220055216,Thunderbird,9.0,Linux_x86_64-gcc3
20111105054032,Thunderbird,8.0,Linux_x86_64-gcc3
20110929042242,Thunderbird,7.0.1,Linux_x86_64-gcc3
20110922212710,Thunderbird,7.0,Linux_x86_64-gcc3
20110902163832,Thunderbird,6.0.2,Linux_x86_64-gcc3
20110830105841,Thunderbird,6.0.1,Linux_x86_64-gcc3
20110812055108,Thunderbird,6.0,Linux_x86_64-gcc3
20110624125212,Thunderbird,5.0,Linux_x86_64-gcc3
20120420154114,Thunderbird,12.0,Darwin_x86_64-gcc3-u-i386-x86_64
20120327120934,Thunderbird,11.0.1,Darwin_x86_64-gcc3-u-i386-x86_64
20120327120934,Thunderbird,11.0.1,Darwin_x86_64-gcc3-u-i386-x86_64
20120313005909,Thunderbird,11.0,Darwin_x86_64-gcc3-u-i386-x86_64
20120313005909,Thunderbird,11.0,Darwin_x86_64-gcc3-u-i386-x86_64
20120216022204,Thunderbird,10.0.2,Darwin_x86_64-gcc3-u-i386-x86_64
20120216022204,Thunderbird,10.0.2,Darwin_x86_64-gcc3-u-i386-x86_64
20120208125137,Thunderbird,10.0.1,Darwin_x86_64-gcc3-u-i386-x86_64
20120208125137,Thunderbird,10.0.1,Darwin_x86_64-gcc3-u-i386-x86_64
20120129063944,Thunderbird,10.0,Darwin_x86_64-gcc3-u-i386-x86_64
20120129063944,Thunderbird,10.0,Darwin_x86_64-gcc3-u-i386-x86_64
20111222141532,Thunderbird,9.0.1,Darwin_x86_64-gcc3-u-i386-x86_64
20111220055248,Thunderbird,9.0,Darwin_x86_64-gcc3-u-i386-x86_64
20111105021740,Thunderbird,8.0,Darwin_x86_64-gcc3-u-i386-x86_64
20110929064510,Thunderbird,7.0.1,Darwin_x86_64-gcc3-u-i386-x86_64
20110922212709,Thunderbird,7.0,Darwin_x86_64-gcc3-u-i386-x86_64
20110902163852,Thunderbird,6.0.2,Darwin_x86_64-gcc3-u-i386-x86_64
20110830112228,Thunderbird,6.0.1,Darwin_x86_64-gcc3-u-i386-x86_64
20110812105023,Thunderbird,6.0,Darwin_x86_64-gcc3-u-i386-x86_64
20110624154109,Thunderbird,5.0,Darwin_x86_64-gcc3-u-i386-x86_64
20120420153905,Thunderbird,12.0,WINNT_x86-msvc
20120327131646,Thunderbird,11.0.1,WINNT_x86-msvc
20120327131646,Thunderbird,11.0.1,WINNT_x86-msvc
20120312212756,Thunderbird,11.0,WINNT_x86-msvc
20120312212756,Thunderbird,11.0,WINNT_x86-msvc
20120216022751,Thunderbird,10.0.2,WINNT_x86-msvc
20120216022751,Thunderbird,10.0.2,WINNT_x86-msvc
20120208125618,Thunderbird,10.0.1,WINNT_x86-msvc
20120208125618,Thunderbird,10.0.1,WINNT_x86-msvc
20120129064235,Thunderbird,10.0,WINNT_x86-msvc
20120129064235,Thunderbird,10.0,WINNT_x86-msvc
20111222160251,Thunderbird,9.0.1,WINNT_x86-msvc
20111220062233,Thunderbird,9.0,WINNT_x86-msvc
20111105021620,Thunderbird,8.0,WINNT_x86-msvc
20110929044556,Thunderbird,7.0.1,WINNT_x86-msvc
20110922212730,Thunderbird,7.0,WINNT_x86-msvc
20110902221921,Thunderbird,6.0.2,WINNT_x86-msvc
20110830105949,Thunderbird,6.0.1,WINNT_x86-msvc
20110812055131,Thunderbird,6.0,WINNT_x86-msvc
20110624125636,Thunderbird,5.0,WINNT_x86-msvc
